id;name;disambiguatingDescription;description;longitude;latitude;streetAddress;postalCode;addressLocality;telephone;email;url;image;dateModified0140303a-da57-417d-be41-461f3032cfee;Eisenbergwerk Gonzen;Das Eisenbergwerk Gonzen in Sargans bietet ein Labyrinth von Stollen und Galerien, die seit 1983 teilweise öffentlich zugänglich sind. Ein Restaurant und ein Museum ergänzen das Erlebnis, Führungen sind auf Voranmeldung möglich.;Der Hausberg Gonzen türmt sich imposant über dem Grafenstädtchen Sargans auf. Bereits vor rund 2000 Jahren wurde im Berg das eisenhaltige Gestein entdeckt und abgebaut. Dabei entstand ein Labyrinth von Stollen und Galerien mit einer Gesamtlänge von fast 90 Kilometern.

Seit 1983 ist ein kleiner Teil des Bergwerks öffentlich zugänglich. Am Eingang des Bergwerkes befindet sich ein Restaurant sowie ein Museum. Das Museum befindet sich im hinteren Teil des Restaurants und kann unabhängig von einer Führung während den Öffnungszeiten des Restaurants besucht werden.

Angeboten werden verschiedene Führungen auf Voranmeldung.;9.438442221163582;47.076702350000005;Vild 17;7320;Sargans;+41 81 723 12 17;info@bergwerk-gonzen.ch;https://www.bergwerk-gonzen.ch/;[{'@type': 'ImageObject', 'contentUrl': 'https://ostpimtsoch.sos-ch-dk-2.exoscale-cdn.com/catalog/7/7/8/3/77836e596be2bf8712bfc5611ef2ed53b815b5ed_c0b0d46cf286ab9cabef1abde7d105bb.jpg'}];2025-08-01T02:51:13+02:00
014b5e18-b72d-477d-a162-48e25403b54a;Lillybeizli - Hotpot Alp Fischegg;Geniessen Sie in der freien Natur unter dem Sternenhimmel ein Bad im Hot-Pot mit Blick auf den Säntis.;Egal ob allein, zu zweit oder z.B. bei einem Junggesell(inn)enabschied oder einer Geburtstagsfeier: Lassen Sie den Tag / Abend zu etwas Besonderem werden.;9.2738364137497;47.28431670328028;Alp Fischegg;9107;Urnäsch;+41 78 677 13 81;familie.biser@gmx.ch;https://www.lillybeizli.ch/;[{'@type': 'ImageObject', 'contentUrl': 'https://ostpimtsoch.sos-ch-dk-2.exoscale-cdn.com/catalog/a/1/8/2/a18240ea90ce2005901ff9b2ce6128cf5e1fa554_07d91c6e06dbee7942414ac8d31729df.jpg'}];2025-02-27T18:10:24+01:00
130034e1-ce89-4bf8-901e-a6c2a2b1410a;Tiererlebnishof - Alpaka- und Lama-Trekking;Alpaka- und Lama-Trekking auf dem Tiererlebnishof im Appenzellerland mit wunderschönem Panorama und Blick zum Alpstein;<p>Auf dem Tiererlebnishof in Urnäsch leben Alpakas, Lamas, Kaninchen, Hühner, Truthähne und Katzen sowie die Hündin Colline.
Als ausgebildete Bäuerin mit Fachausweis und Wildnis- und Tiergestützte Pädagogin (WIP &amp; Tier) bietet Monika Egli eine Vielzahl von Angeboten auf ihrem Hof an. Besonders beliebt sind Trekkingtouren mit den Alpakas und Lamas. Trekking eignet sich für Paare, welche einen privaten, gemütlichen Spaziergang mit den kuscheligen Tieren geniessen möchten, für Teamausflüge, um sich im Team von einer anderen Seite kennen zu lernen oder das Familienfest, das in einem etwas aussergewöhnlichen Rahmen erlebt werden möchte, sowie für einen gemütlichen Tag unter Freunden. Bevor sich die Gruppe auf den Weg macht, erfahren die Gäste etwas über die Tiere, das Trekking und den Hof und werden mit einem kleinen Apéro verwöhnt. Nach der Einführung folgt der Spaziergang über Wiesen und durch Wälder (ca. die Hälfte der Zeit des gebuchten Trekkings). Zum Schluss können die Tiere als Dankeschön für den Spaziergang gefüttert werden. Jedes Trekking kann an der idyllisch gelegenen Feuerstelle beim Indianertipi im Wald seinen Ausklang finden. Es kann auch ein Grill- oder Fondueplausch dazu gebucht werden.

Wenn Sie mit Ihrem Team, Ihren Kindern oder Freunden bei Spiel und Spass einen ganzen Tag auf dem Tiererlebnishof erleben möchten, haben Sie die Möglichkeit die Tiererlebnishof-Olympiade  dazu zu buchen.

Bedingungen
Da Lamas und Alpakas Angst vor fremden Hunden haben, dürfen diese nicht zum Trekking mitgenommen werden.
Die Verantwortung für die Kinder liegt bei den Eltern und die Versicherung ist Sache der Teilnehmer.
Dem Wetter entsprechende Kleidung und Trekking- oder Wanderschuhe.

Trekkingpreise
Dauer: 1 Stunde (Schnuppertour, exkl. Apéro)
4 - 10 Personen: CHF 33.00 pro Person
11 - 30 Personen: CHF 30.00 pro Person

Dauer: 2 Stunden mit Apero oder Kaffee und Kuchen
4 - 10 Personen: CHF 48.00 pro Person
11 - 30 Personen: CHF 45.00 pro Person

Dauer: 3 Stunden mit Apero oder Kaffee und Kuchen
4 - 10 Personen: CHF 68.00 pro Person
11 - 30 Personen: CHF 65.00 pro Person

Fondue- oder Grill-Plausch:
CHF 25.00 pro Person zusätzlich zum gebuchten Trekking</p><p><br></p>;9.2801804;47.3368808;Windegg 930;9107;Urnäsch;+41 78 827 44 33;monikaegli@tiererlebnishof.ch;http://www.tiererlebnishof.ch;[{'@type': 'ImageObject', 'contentUrl': 'https://ostpimtsoch.sos-ch-dk-2.exoscale-cdn.com/catalog/e/a/d/4/ead486ba321b8158db1a39e00cd6b41d42989e46_f4c36541c7c7cffa0293889da9cc4f8e.JPG'}];2025-04-29T18:12:10+02:00
1ebef503-51f6-4b73-9fcb-03ac2c3fd748;Kräuterzauber - Kräuterwelt Appenzeller Alpenbitter;Dem Geheimnis auf der Spur - Wildkräuterwanderung mit anschliessendem Rundgang in der neuen Kräuterwelt des Appenzeller Alpenbitters.;Die Appenzeller sind bekannt für ihre Geheimnisse, sowohl bei Käse wie auch beim Appenzeller Alpenbitter.

Martina Rocco, dipl. Kräuterfachfrau zeigt ihnen auf einem rund 2-stündigen Kräuterspaziergang die Wildkräuter rund um Appenzell. Einige davon sind auch im berühmten Appenzeller Alpenbitter zu finden. 

Im Anschluss an den Spaziergang besichtigen Sie die «Kräuterwelt». Der neue Betriebsrundgang kombiniert auf gelungene Art und Weise Wissensvermittlung rund um die 42 Kräuter und die Appenzeller Brenntradition mit Erlebnis, Spannung und Unterhaltung.

Für Gruppen: 10 Personen – max. 20 Personen
(bei mehr Personen muss eine 2. Kräuterfrau mitlaufen -> Preis auf Anfrage)

Kosten pro Person: CHF 45.- inkl. Kräuterwanderung und Besichtigung Appenzeller Alpenbitter

Buchbar: Mai bis September, täglich auf Anfrage

Dauer: 4 Stunden (Vormittag 10 - 14 Uhr oder Nachmittag 15 - 18 Uhr)

Treffpunkt: Brauerei-Parkplatz
;9.4099556;47.3299558;Brauerei Parkplatz;9050;Appenzell;+41 79 824 08 99;info@kraeuterzauber.ch;https://www.kraeuterzauber.ch/;[{'@type': 'ImageObject', 'contentUrl': 'https://ostpimtsoch.sos-ch-dk-2.exoscale-cdn.com/catalog/9/5/9/6/9596bbef1b39570b33189bb36b2a2fb62ceec5bf_d53f32af3aa335e0e2cf935424fcffdb.jpg'}];2025-02-27T18:10:24+01:00
2a222a76-58f6-4eb0-94c5-9d8a8d71409e;Appenzeller Friedens-Stationen;Humanitären Lebenswerken bedeutender Persönlichkeiten auf der Spur;Die Appenzeller Friedens-Stationen laden herzlich zu einer Entdeckungsreise im Appenzeller Vorderland ein. Sie zeigen die humanitären Lebenswerke von bedeutenden Schweizerinnen und Schweizern: Jakob Künzler, Carl Lutz, Margrit Besmer und Willi Kobe, Paul Vogt, Gertrud Kurz, Catharina Sturzenegger, Theodosius Florentini, Carl «Bö» Böckli und Henry Dunant. Jede Station ist dem Leben und Werk einer Persönlichkeit gewidmet. 
Die Wanderung zu den Appenzeller Friedens-Stationen zwischen Heiden und Walzenhausen ist auch für Familien gut geeignet. Dabei geht es über Höger und durch Tobel mit Steigungen, die aber nie sehr lang sind. Der Weg ist bei jedem Wetter gut machbar - auch im Winter.;9.549802;47.453412;Wüschbach 152;9427;Wolfhalden;+41 71 891 21 08;info@friedens-stationen.ch;https://friedens-stationen.ch/;[{'@type': 'ImageObject', 'contentUrl': 'https://ostpimtsoch.sos-ch-dk-2.exoscale-cdn.com/catalog/a/7/a/0/a7a0e5609401efd0afbfb2945161f3f7fafbb48b_b5be4e5a6a3482f83df8bbffe09b701e.jpg', 'caption': {'de': 'Friedens-Station beim Dorfplatz Heiden'}}];2025-02-27T18:10:24+01:00
2a5aea94-a623-4aa0-845b-23f9552797b9;Säntis - Alpschaukäserei Schwägalp;Die Alpschaukäserei Schwägalp steht am Fusse des Säntismassivs auf der Schwägalp bei der Talstation Säntisbahn 1300 m ü. M.;Die Käserei wurde im Jahr 1996 von den Landwirten, die ihr Vieh während des Sommers auf die Alp bringen, gebaut. Im Jahr 1997 wurde auf der Schwägalp das erste Mal Alpkäse hergestellt . All diese Landwirte haben sich am Bau beteiligt daher ist es ein Genossenschaftsbetrieb. Im Jahr 2012 wurde die Käserei erweitert um, mehr Milchmengen zu verarbeiten. Zurzeit liefern etwa 52 Landwirte Alpmilch während den Sommermonaten Mai bis September in die Käserei. Die meiste Milch wird zu feinem Schwägalpkäse verarbeitet. Aber auch Raclettkäse, Butter, Mutschli und Ziegenkäse werden hergestellt. Der Grossteil des Käses geht an die Grossisten. Der Rest wird über den Laden auf der Schwägalp verkauft, der in den Monaten Mai bis Oktober jeden Tag seine Türen offen hat. Kommen Sie doch vorbei und geniessen Sie die herrlichen Produkte, die in unserer Käserei hergestellt werden -– das Verkaufsteam freut sich auf ihren Besuch. Tragen wir doch viel zum Slogan des Culinarium Labels bei «Genuss aus der Region».

;9.3184;47.25581;9107;Urnäsch - Schwägalp;+41 79 256 77 39;info@alpschaukaeserei.ch;https://www.alpschaukaeserei.ch/;[{'@type': 'ImageObject', 'contentUrl': 'https://ostpimtsoch.sos-ch-dk-2.exoscale-cdn.com/catalog/6/5/4/1/6541a670e53a0f539b6d0d398dd433ededea4df7_d4ea133ab021fe1a803942bcb7c8e226.jpg'}];2025-02-27T18:10:24+01:00
2fe98728-e934-4b6f-bdc3-234568881508;Lillybeizli / Alp Fischegg;Auf der Alp Fischegg bei der Familie Biser gibt es viel zu entdecken;Erleben Sie das Älplerleben und den Appenzeller Brauchtum hautnah. Schnuppern Sie Bergluft und geniessen Sie die prachtvolle Aussicht zwischen Urnäsch und der Schwägalp.

Bergluft macht hungrig - geniessen Sie im gemütlichen Lillybeizli eine Original Appenzeller "Rohmzonne" oder ein "Fenz" - wie der Senn Ueli - oder lassen Sie sich mit Appenzeller Käsespezialitäten verwöhnen! 
Erkunden Sie das Appenzellerland bei einer Kutschenfahrt mit Ruedi Biser.
Und dann fallen Sie müde, glücklich und zufrieden ins Strohbett - mit dem würzigen Heuduft in der Nase wiegt Sie leises Kuhglockengebimmel in den Schlaf.

Am nächsten Morgen stärken Sie sich beim Älplerfrühstück mit frischer Alpenbutter, aromatischer Bergmilch und frisch gebackenem Brot und Zopf für einen neuen erlebnisreichen Tag auf der Alp.&nbsp;;9.273770304491192;47.28434237698904;Alp Fischegg;9107;Urnäsch;+41 78 677 13 81;familie.biser@gmx.ch;https://www.lillybeizli.ch/;[{'@type': 'ImageObject', 'contentUrl': 'https://ostpimtsoch.sos-ch-dk-2.exoscale-cdn.com/catalog/b/a/3/4/ba34d8cb7794da866cb233ec0c6967c57bfc1b83_88461418e60acd0ce84943526236dba5.jpg'}];2025-02-27T18:10:24+01:00
3a15b067-e781-4415-af3e-ea0e6db142a6;FoodTrail «Appenzellerland zu Fuss»;Spass, Bewegung, Kultur und Kulinarik;<p>Auf die Plätze, fertig, Schnitzeljagd! Mal spazieren, mal rätseln, mal wandern, mal staunen, mal geniessen - und immer wieder den Bodensee und den Alpstein zu Füssen. Sind Sie bereit, wenn&#39;s heisst: einmal Zahnradbahn und Abenteuer, bitte! Durch das Lösen von Rätseln lernen Sie die Höhepunkte der Region kennen und finden zu 6 Genuss-Stationen. Dort werden Sie mit Köstlichkeiten und regionalen Spezialitäten belohnt. Ein spannender Erkundungsrundgang mit hohem Spassfaktor erwartet Sie. Mit FoodTrail erleben Sie das Appenzellerland einmal anders, haben gegessen und getrunken und erfahren nebenbei viel Interessantes.</p><ul><li>Dauer: ca. 5 -6 Stunden, reine Wanderzeit 3 Stunden. Sie sind frei in der zeitlichen Gestaltung. Wegstrecke ca. 8.8 km, Höhenmeter auf / ab: 270 m / 400 m.</li><li>Kosten: CHF 69.00 pro Erwachsene, CHF 40.00 pro Kind 8 - 16 Jahre (Kinder nur in Begleitung Erwachsener)</li><li>Saison: 1. Mai bis 31. Oktober</li><li>Startpunkt: Tourist Information Bahnhof Heiden. Anreise: bereits die Anreise mit der im Preis inbegriffenen Zahnradbahn ab Rorschach (im Sommer mit offenen, nostalgischen Wagen) ist ein echtes Erlebnis.</li></ul><p>Weitere Informationen finden Sie unter <a href="https://www.foodtrail.ch/trails/appenzellerland-zu-fuss" rel="noopener noreferrer" target="_blank">foodtrail.ch</a></p><p>Möchten Sie das Appenzellerland lieber per E-Bike erkunden? Hier geht&#39;s zum <a href="https://appenzellerland.ch/de/erleben/erlebniskarte/detail-gruppenerlebnisse/foodtrail-appenzellerland-per-e-bike-9a338e29-9ff6-44a0-a46d-1348ebbf505d.html" rel="noopener noreferrer" target="_blank">Foodtrail per E-Bike</a></p>;9.536517786519653;47.4461314262863;Bahnhofplatz 1;9410;Heiden;+41 71 898 33 01;https://www.foodtrail.ch/trails/appenzellerland-zu-fuss;[{'@type': 'ImageObject', 'contentUrl': 'https://ostpimtsoch.sos-ch-dk-2.exoscale-cdn.com/catalog/4/3/a/8/43a83b852e89374c10f5b418a95da1b3d04dd348_76edbaf50015e293dcb5e73257bc591c.jpg'}];2025-05-21T18:12:10+02:00
4182a526-4b7d-4006-aac8-0b11e4d2f079;Weissküferei, Drechslerei und Pferdefahrten Werner Stauffacher;Seit 1987 führen Werner und Jolanda Stauffacher im toggenburgischen Nesslau eine Weissküferei & Drechslerei, zuerst im Sidwald und seit 1997 im Riet, Ennetbühl. Zusammen mit Sämi Frick aus Urnäsch bietet Werner Stauffacher zudem Pferdefahrten mit historischen Postkutschen über die Schwägalp an.;Die Weissküferei ist ein typisches Handwerk des Bauernstands. Auch wenn inzwischen mancher Alltagsgegenstand aus Aluminium und Chromstahl besteht, insbesondere auf der Alp kommt nach wie vor hölzernes Senngeschirr zum Einsatz. So hat bei der Alpfahrt das Mitführen eines Lediwagens mit eben diesen Gerätschaften Tradition. 
Zu den Produkten aus dem Haus Stauffacher gehören auch Zier- und Geschenkartikel und Gedrechseltes. Neben der Werkstatt ist ein Verkaufsladen eingerichtet. Und es werden auf Voranmeldung Führung durch die Weissküferei angeboten.
Übrigens: Stauffachers Betrieb ist aktuell der einzige in der Schweiz, in welchem ein Weissküfer-Lernender ausgebildet wird. 
Auf Anmeldung können Gäste auch gerne selber das Handwerk ausprobieren und ein Brettli verzieren.;9.244115352630617;47.2443370195092;Riet, Evabrunnen 1863;9651;Ennetbühl;+41 71 994 10 53;info@weisskueferei-stauffacher.ch;https://weisskueferei-stauffacher.ch/;[{'@type': 'ImageObject', 'contentUrl': 'https://ostpimtsoch.sos-ch-dk-2.exoscale-cdn.com/catalog/1/b/f/b/1bfbb0627a61872cc6d98f7da260ea4d4de8ffc8_6bb55cf892484bae15313b6f46d23c03.jpg', 'caption': {'de': 'Postkutschenfahrten mit Werner Stauffacher über die Schwägalp'}}];2025-02-27T18:10:24+01:00
41e3454e-4d04-4ba9-b634-b712d565f7ef;Cross-Wind.ch;Erlebe den Rhein vom Bodensee bis Schaffhausen per SUP – Lieferung zur Startlocation, Rückgabe am Zielort. Jetzt SUP mieten bei Cross-Wind.ch und entspannt lospaddeln.;<p>Starte erholsam in dein pers&ouml;nliches Wasserabenteuer und entdecke einen der sch&ouml;nsten Flussabschnitte Europas. Mit Cross-Wind.ch, deinem Partner f&uuml;r hochwertige SUP-Touren in der Schweiz.</p><p>So funktioniert&rsquo;s&nbsp;&ndash; Einfach, schnell &amp; flexibel:</p><ul><li>Online buchen &amp; liefern lassen: Wir bringen dir dein SUP fix fertig montiert zur Startlocation.</li><li>R&uuml;ckgabe am Zielort: Kein Schleppen, kein Stress &ndash; einfach abgeben und geniessen.</li><li>Top-Ausr&uuml;stung inklusive: Leichte Carbon-Kajak-Paddel (2-in-1), bequeme SUP-Sitze mit Liegestuhlfunktion, Schwimmwesten &amp; Trockens&auml;cke</li></ul><p>Deine SUP Rhein-Tour: Natur, Kultur &amp; Entspannung, gleite vorbei an:</p><ul><li>Idyllischen Buchten, Historischen Br&uuml;cken (z. B. Diessenhofen)</li><li>interessanter Tierwelt &amp; Charmanten D&ouml;rfern bis nach Schaffhausen</li><li>geniesse diversen Rhein Badis, Camping Pl&auml;tze und Gartenrestaurants</li></ul><p>Warum Cross-Wind.ch? Wir betreiben Standup Paddling, Inline Skating &amp; Snowkiten mit Leidenschaft.</p><ul><li>Pers&ouml;nlicher Service &amp; flexible Buchungszeiten</li><li>Ideal f&uuml;r entspannte Touren &amp; spontane Trips</li><li>auf Wunsch begleitete Touren, inklusive SUP Basics</li></ul><p>Dein traumhaftes Abenteuer als SUP Rider beginnt hier &ndash; jetzt SUP mieten und lospaddeln bei Cross-Wind.ch!</p>;[{'@type': 'ImageObject', 'contentUrl': 'https://ostpimtsoch.sos-ch-dk-2.exoscale-cdn.com/catalog/8/9/4/d/894d0c502504c0bdeb18ed5d35a807bbfaf84ad2_2b5b306bee87716395d22e8575cb0f73.jpg'}];2025-09-03T18:56:45+02:00
551e7686-0043-4e4d-a57e-e1253bca3dc8;Kneippanlage Sargans mit Kräutergarten;Die Kneippanlage Sargans mit Kräutergarten bietet Kneippanwendungen und Kräuterkunde unterhalb des Schlosses mit Blick auf Liechtenstein und die Bündner Herrschaft. Ideal zur Entspannung nach einer Wanderung.;In Sargans liegt die Wassertret- und Armbadanlage des Kneippvereins Sarganserland unterhalb des Schlosses direkt bei der Spleekapelle mit schönem Rundumblick Richtung Fürstentum Liechtenstein und Bündner Herrschaft. Instruktionstafeln leiten die Besucher an und zeigen, was es beim Kneippen zu beachten gilt. Ein gepflegter Garten mit beschrifteten Kräutern bereichert die schöne Anlage, welche sich ideal zur Entspannung und Erfrischung nach einer Wanderung anbietet.;9.439567532638982;47.048750150000004;Grünfläche Spleekapelle St. Sebastian;7320;Sargans;+41 76 526 67 96;sarganserland@kneipp.ch;https://www.kneipp.ch;[{'@type': 'ImageObject', 'contentUrl': 'https://ostpimtsoch.sos-ch-dk-2.exoscale-cdn.com/catalog/f/7/5/5/f7558b53ba622ca579f432cd34cbd75a71dd64a6_2531fe477059c1b7a86bf1628f6e28d1.jpg'}];2026-04-01T21:21:47+02:00
5b0d24ae-4156-4298-9c74-6f3174daca11;Gleitschirm Tandemflug beim Chäserrugg;Du fliegst mit dem Gleitschirm über die zauberhafte Natur vom Toggenburg mit einer wunderbaren Aussicht auf den Chäserrugg und die Churfirsten. ;Der 15 bis 20-minütige Panoramaflug ist täglich bei gutem Wetter möglich und der 30 bis 45-minütige Thermikflug ist täglich von April bis August möglich. Oder wie wäre es mit unserem DUO-Gleitschirmflug zu zweit parallel an zwei Gleitschirmen? Du hast auch die Möglichkeit, einen halben Tag mit Privatpilot zu buchen mit bis zu 3 Flügen. Wir bieten ebenfalls Gruppenevents und Schnupperkurse für grössere Gruppen oder Firmenausflüge an.

Inkludierte Leistungen: Gesamte Ausrüstung, Pilot, exkl. Bergfahrt
keine Vorkenntnisse erforderlich, ab 8 Jahren;9.312185537778436;47.15518373298394;9657;Unterwasser;+41 71 554 80 70;info@flightbase.ch;https://www.passagierflug.ch/;[{'@type': 'ImageObject', 'contentUrl': 'https://ostpimtsoch.sos-ch-dk-2.exoscale-cdn.com/catalog/e/8/c/c/e8ccfbd1714c84c9909b12316a0be78145c244de_d9a835d0d9c2fe70001579c0977d672f.jpg'}];2025-12-10T20:16:06+01:00
620ceb26-a075-4533-a862-986a6b6425d6;ROOTHUUS GONTEN;Zentrum für Appenzeller und Toggenburger Volksmusik mit Führungen und Jodelkursen ;Es erwartet Sie eine Reise durch die Geschichte des denkmalgeschützten und 2006 renovierte Haus aus den Jahren 1763/64. Das Roothuus beheimatet den weitherum schönsten Festsaal mit ländlich-barocker Wandmalerei und viele Details erzählen aus der bewegten Geschichte dieses zentralen Hauses von Gonten. Heute beherbergt das Roothuus das Zentrum für die Volksmusik rund um den Alpstein, also das Appenzellerland und das Toggenburg. Eine Ausstellung zeigt jeweils neue Forschungsergebnisse des Hauses und ein Shop lädt zum Entdecken der vielfältigen Erzeugnisse ein. Zahlreiche historische Instrumente sind zu sehen und hören. Interessierte Personen erfahren hier viel Wissenswertes aus der gut dokumentierten Geschichte der Appenzeller und Toggenburger Volksmusik. Die individuelle Besichtigung des Roothuus Gonten ist kostenlos.

Gerne führen wir Sie und Ihre Gäste durch das Roothuus. Dabei erhalten Sie Informationen zur Geschichte des Hauses, zur Volksmusik und zu den zahlreichen historischen Instrumenten. Ebenso informieren wir Sie über unsere aktuellen Forschungsprojekte und geben Einblick in alte Handschriften. 
Auch Jodelkurse sind im Roothuus im Angebot. Dabei übt ein Sänger in Tracht mit Ihnen einen Naturjodel ein und gibt Tipps und Tricks zum Talerschwingen. Auf Wunsch bereichern wir die Führung oder den Jodelkurs mit Musik oder einem Apéro.

Führungen: 
Dauer: ca. 1 Stunde
Teilnehmerzahl: max. 25 Personen pro Gruppe
Daten: ganzjährig, täglich
Kosten: Montag bis Freitag CHF 160 pro Gruppe / Samstag und Sonntag CHF 210 pro Gruppe

Jodelkurse:
Dauer: ca. 2 Stunden
Teilnehmerzahl: max. 25 Personen pro Gruppe
Daten: ganzjährig, täglich
Kosten: Montag bis Freitag CHF 370 pro Gruppe / Samstag und Sonntag CHF 420 pro Gruppe;9.3471841;47.32882;Dorfstrasse 36;9108;Gonten;+41 71 794 13 30;info@roothuus-gonten.ch;https://www.roothuus-gonten.ch/;[{'@type': 'ImageObject', 'contentUrl': 'https://ostpimtsoch.sos-ch-dk-2.exoscale-cdn.com/catalog/0/0/d/e/00de46e40e5754e9dc014951355539cb71eccdcc_5dae8999102f47c1f6e5f18c07481371.JPG'}];2025-06-05T18:14:21+02:00
6b2006a3-10ca-4d42-b1b6-1641f4d34d20;Waldpark Heiden;Waldpark – der Name ist hier Programm!;Breitstämmige, hohe Bäume umrahmen den Spielplatz und lassen viel Freiraum für kleine und grosse Besucher. Zwei Grillstellen und genügend Schatten laden zum genussvollen Verweilen ein.;9.525554180145264;47.448382175584925;9410;Heiden;+41 71 898 33 01;heiden@appenzellerland.ch;https://www.kurvereinheiden.ch/;[{'@type': 'ImageObject', 'contentUrl': 'https://ostpimtsoch.sos-ch-dk-2.exoscale-cdn.com/catalog/d/f/7/e/df7e8b967efa47b1434195ae318b93ec3afddb97_c8b64dfb285682751447f0a9b4e2f633.jpg'}];2025-02-27T18:10:24+01:00
6ba5fa49-fcf2-401a-b744-092c7b70f788;Bogenschiessen einmal anders;Ein körperliches Training mit Pfeil und Bogen. Ein hoher Spass- und Motivationsfaktor ist garantiert, egal ob für Anfänger oder Fortgeschrittene. Dabei werden Eindrücke vermittelt, die so schnell nicht vergessen gehen.;<p>Intuitives Bogenschiessen bietet ein herausforderndes körperliches und mentales Workout, das nicht nur Spass macht, sondern auch hoch motivierend ist. Die eingesetzte Methode führt die Trainingsteilnehmenden von einem einzigartigen Erlebnis direkt zu konkreten Ergebnissen. Dabei werden Achtsamkeit, Konzentrationsfähigkeit und das Bauchgefühl trainiert. Diese intensiven Eindrücke bleiben lange im Gedächtnis und sind für Menschen aller Fitnesslevels geeignet. Zudem veranstaltet das Team von My-Coach Privat- und Firmenevents vor Ort, wie zum Beispiel beim Restaurant Seehuus in Egnach, im Zelglihof in Ermatingen oder auf Wunsch auch an einem anderen Ort.</p>;9.4626537;47.4946538;Seeackerstr. 9;9325;Horn;+41 76 370 88 38;info@my-coach.info;http://www.my-coach.info;[{'@type': 'ImageObject', 'contentUrl': 'https://ostpimtsoch.sos-ch-dk-2.exoscale-cdn.com/catalog/1/2/a/7/12a777a4182c6cad33c4e394abecff811ee026d1_8e49768137d247dccf6b8d8ec2f00cc3.jpg'}];2026-07-12T21:28:47+02:00
6ff4d970-c422-444d-8a7b-03d132e0f38b;SUP-Verleih in der sagilounge am See;Erlebe Wassersport am Walensee mit SUP-, Kanu- und Kajakverleih. Miete auch ein Motorboot für bis zu 10 Personen. Ideal für Gruppen und Einzelpersonen, die den See sportlich erkunden möchten.;Stand-up Paddling auf dem Walensee – ein wunderbares Erlebnis!

Unser Angebot: Stunden- oder tageweise Vermietung von SUPs und Riesen-SUPs (für Gruppen bis 10 Personen) inklusive Paddles, Schwimmwesten, Leashes & kurzer Einführung durch unser Personal.

---

Lust auf einen sportlichen Ausflug auf den See? Mieten Sie ein Kanu (für 2-3 Erwachsene oder 2 Erwachsene & 2 Kinder) oder Kajak (für eine erwachsene Person) und erleben Sie den See von seiner schönsten Seite.

Unser Angebot: Stunden- oder tageweise Vermietung von Kanus und Kajaks – nur auf Voranmeldung. Kanu-/Kajak-Erfahrung wünschenswert. Inklusive Paddles und Schwimmwesten sowie kurzer Einführung durch unser Personal.

---

Sie möchten den Walensee auf dem Motorboot entdecken?
Unser Angebot: Motorbootmiete für bis zu 10 Personen, mit oder ohne Kapitän – nur auf Voranmeldung. Die Ausgabe und Rücknahme des Boots findet bei der Anlegestelle im sagisteg statt.

Auf Anfrage können wir Ihnen auch Wakeboarding, Wasserski, etc. als Option anbieten. Bei der Nutzung des Boots für diese Aktivitäten ist die maximale Personenanzahl auf 6 beschränkt.;9.2191277;47.1131596;Alte Staatsstrasse 6;8877;Murg;+41 81 720 35 70;info@azibene.ch;https://www.sagibeiz.ch/;[{'@type': 'ImageObject', 'contentUrl': 'https://ostpimtsoch.sos-ch-dk-2.exoscale-cdn.com/catalog/0/0/6/5/0065c959844c1a408280d4ba4c983eb9c5166bdb_6c525bfef8c250c4ec39578b5d2f6f51.jpg'}];2025-08-01T02:53:11+02:00
7624847b-b5ed-4a65-8205-2c38a3b5abad;Alpaka Appenzell;Die neue Welt entdecken. Lassen Sie die lieblichen, gemütlichen Tiere auf sich wirken und sich von ihrem Naturell anstecken. Sofort fallen einem die grossen Augen, ihr teddybärähnliches Aussehen und ihr tiefes, sanftes Summen auf, mit dem sie untereinander kommunizieren.;Der Betrieb liegt auf 1000 m.ü.M, am Jakobsweg auf dem Hügel Arnig und umfasst 18 ha plus 6 ha Wald.

Auf unserem Hof sind viele Tiere zuhause. Neben der 60-köpfigen Alpaka-Familie, die seit 2004 bei uns ihr Zuhause gefunden hat gehören Mutterschweine, Mastschweine, Bienen, Katzen, ein Hund und 21 Brown Swiss Kühe zu unserem Milchwirtschaftsbetrieb. 

Seit 2015 verkaufen wir all unsere hochstehenden Alpaka Produkte in unserem eigenen Hofladen Alparama. Verschaffen Sie sich bei einem Besuch selbst einen Einblick in unser grosses Sortiment. 

In einer Betriebsführung geben wir gerne Einblick in unseren Alltag. Die Tiere kennenlernen, den Kuhglocken lauschen und dem Summer der Alpakas zuhören, währendem wir einen Apéro servieren. 

Neu erstellen wir mit unserem Tiermist Terra-Preta Nährhumus und produzieren unsere eigene Pflanzenkohle. Auf Wunsch erläutern wir den Herstellungsvorgang während dem Sie mit genauem Auge die Abläufe verfolgen können.

Unser Alpaka Hof gibt viele Eindrücke in unser Wirken. Wir freuen uns über Ihren Besuch. 

Apéro ab 6 Personen:
1) Alparama Apero: Alpaka-Fleisch, Schweine-Fleisch, Käseplatte, Mineral und Orangensaft: CHF 25 / Person  ( Kinder: CHF 1.50 pro Alter des Kindes)
2) Arnig Apero: Schweine-Fleisch (Ohne Alpaka-Fleisch), Käseplatte, Mineral und Orangensaft: CHF 18 / Person (Kinder: CHF 1.00 pro Alter des Kindes)
*** Wein und Bier: Separat 
 
​
Hofführung mit Vortrag Pauschal (bis 20 Personen, ab 20 Personen auf Anfrage):
a) Ganze Hofbesichtigung: Alpakas, Schweine, Kühe, Terra-Preta Nährhumus, Pflanzenkohle = CHF 250.-
b) Tier Besichtigung: Alpakas, Schweine, Kühe = CHF 200.-
c) Alpaka Besichtigung: nur Alpakas mit Hand Fütterung = CHF 150.-;9.213699102401735;47.33557855044936;Hinterarnig 250;9105;Schönengrund;+41 71 361 13 78;info@alpaka-appenzell.ch;http://www.alpaka-appenzell.ch/;[{'@type': 'ImageObject', 'contentUrl': 'https://ostpimtsoch.sos-ch-dk-2.exoscale-cdn.com/catalog/5/5/7/8/5578097f75c37ff0bc261c24d5db2bcaaeb4975b_91ec9484b4c78bb907e2e1e6b3b7a8f7.jpg'}];2025-10-28T16:20:36+01:00
78fc34b7-92e2-49c5-ab35-2fc844bdf0c9;Appenzeller Bahnen - Gruppenangebote;Planen Sie einen Team-, Vereins- oder Familienausflug? Dann haben wir die passenden Gruppenangebote mit dem Zug im Appenzellerland für Sie!;<b>Geschichte und Tradition</b> 
Starten Sie den unvergesslichen Tag in Altstätten Stadt oder in Gais mit einer Fahrt in der Zahnradbahn. Wahlweise erhalten Sie bei Ihrem Programm einen Einblick in die Geschichte der Sperre Stoss oder erleben das Handwerk der Weissküferei &amp; Drechslerei. Ein Apéro und/oder ein Mittagessen/Nachtessen runden den Tag gelungen ab. 
<a href="https://appenzellerbahnen.ch/de/erlebnisangebote/gruppenangebote/gruppenausfluege-altstaetten-gais.html" target="_blank" title="HTML Code Generator">Weitere Informationen zum Angebot Geschichte und Tradition</a> 

<b>Erlebnisrundfahrt</b> 
«Emol rondom» - mit zwei Bergbahnen und einem Schiff durch das Appenzeller Vorderland. Mit der Bergbahn der Appenzeller Bahnen fahren Sie mit einem atemberaubenden Ausblick auf den Bodensee von Rorschach hinauf ins schöne Biedermeierdorf Heiden. Nach dem Mittagessen reisen Sie von Heiden mit dem eigenen Car oder dem öffentlichen Postauto zur Aussichtsterrasse Walzenhausen. Als weiteres Highlight folgt die Talfahrt mit der Zahnradbahn von Walzenhausen nach Rheineck. Anschliessend haben Sie bei einer gemütlichen Schifffahrt auf dem alten Rhein Zeit, die schöne Landschaft zu geniessen, bevor der Halbtagesausflug in Rorschach endet. 
<a href="https://appenzellerbahnen.ch/de/erlebnisangebote/gruppenangebote/erlebnisrundfahrt.html" target="_blank" title="HTML Code Generator">Weitere Informationen zur Erlebnisrundfahrt</a> 

<b>Emol Querdöre – eine Erlebnisfahrt durch das Appenzellerland</b> 
In Gossau startend führt Sie die Fahrt mit den Appenzeller Bahnen nach Appenzell, wo Sie eine Dorfführung durch das heimelige Dorf erleben. Wahlweise kann auch eine Dorfführung in Gais gebucht werden. Im Gasthof zum Hirschen in Gais kommen Sie in den Genuss eines köstlichen Mittagessens. Nach einer Fahrt mit der Zahnradbahn ins Rheintal, lassen Sie den Tag bei einem gemütlichen Spaziergang durch die Marktgasse Altstättens und einer süssen Verführung ausklingen. Die Reise wird auch in entgegengesetzter Richtung mit Start in Altstätten Stadt angeboten. <a href="https://appenzellerbahnen.ch/de/erlebnisangebote/gruppenangebote/emol-querdoere.html" target="_blank" title="HTML Code Generator">Weitere Informationen zum Gruppenangebot Emol Querdöre</a> 

<b>Allgemeine Informationen</b>
Dauer: ca. 5-9 Stunden 
Teilnehmende: Ab 10 Personen 
Kosten: ab CHF 43.00 pro Person;9.282066;47.3927145;St. Gallerstrasse 53;9102;Herisau;+41 71 354 50 60;reisedienst@appenzellerbahnen.ch;https://appenzellerbahnen.ch/de/;[{'@type': 'ImageObject', 'contentUrl': 'https://ostpimtsoch.sos-ch-dk-2.exoscale-cdn.com/catalog/5/4/4/e/544ecb51b26aebdaba8ef54f62fbddf25924a865_c39948d246a1a9afa32871417589586d.jpg'}];2025-02-27T18:10:24+01:00
7944f9ad-ab6c-4fa4-a055-472e19a2ab69;Swiss Helicopter AG;Als führende Helikopterfirma bieten wir sichere, zuverlässige Dienstleistungen mit modernster Technik und einem engagierten Team – für Ihre Sicherheit und Zufriedenheit.;<p>Als führende Helikopterfirma bieten wir zuverlässige, sichere und professionelle Dienstleistungen. Unser erfahrenes Team nutzt moderne Technologien und engagiert sich für Nachhaltigkeit und kontinuierliche Verbesserung – für Ihre Zufriedenheit und eine sichere Zukunft.</p>;9.5511007;46.9131752;Polenlöserweg 30;7204;Untervaz;+41 81 322 57 57;untervaz@swisshelicopter.ch;[{'@type': 'ImageObject', 'contentUrl': 'https://ostpimtsoch.sos-ch-dk-2.exoscale-cdn.com/catalog/1/2/7/e/127e2b6d1239680371baf60b1a6786c0b2174b5d_a44115e41b2a60e7c192a130f558af26.jpg'}];2025-12-03T22:22:41+01:00
7a78c4c8-3054-4934-a924-19620dabcfd4;Sato Code Herisau; Der Escape Room ohne Grenzen, quer durchs Dorf Herisau. ;<p><span style="background-color: rgb(255, 255, 255); color: rgb(78, 71, 67);">Versteckte Hinweise, geheime Objekte und geteilte Informationen – genau wie in einem klassischen Escape Room, aber mit dem Vorteil, dass ich Herisau richtig erlebt.</span></p><p><span style="background-color: rgb(255, 255, 255); color: rgb(78, 71, 67);">Das Spiel findet komplett draussen statt, im Herzen des Dorfs. Jeder Winkel birgt ein Geheimnis. Jedes Rätsel bringt uns der Wahrheit näher. Gemeinsam entwirrt ihr eine verborgende Geschichte und entdeckt die mysteriöse Seite von Herisau. Wie im «The Da Vinci Code» – und ihr seid die Hauptfiguren. Trefft die richtige Entscheidung, wählt den richtigen Verbündeten und lasst das Spiel beginnen...</span></p><p><span style="background-color: rgb(255, 255, 255); color: rgb(78, 71, 67);">Der Start ist jederzeit möglich, an jedem Tag. Einfach Ticket kaufen, zum Startpunkt gehen und die Sato-Code-App öffnen. Das Spiel bietet zwei Schwierigkeitsstufen und ist eine völlig neue Art, eine Stadt oder ein Dorf zu entdecken – perfekt für alle, die Spannung, Teamwork und unerwartete Wendungen lieben.</span></p>;9.2773223;47.3900655;Bahnhofplatz 9;9100;Herisau;+41 79 617 85 41;hello@sato-code.com;https://www.sato-code.com/de;[{'@type': 'ImageObject', 'contentUrl': 'https://ostpimtsoch.sos-ch-dk-2.exoscale-cdn.com/catalog/8/c/6/3/8c638ebbdb38535529f88cd5d8ea1f97d9f2e81e_99d882fb7ad8e716451b081f17c95d84.png'}];2025-07-16T18:25:22+02:00
7b7874ad-6150-4387-a39f-8630e646ed28;Gleitschirm Tandemfliegen im Heidiland;Erlebe das Heidiland aus der Vogelperspektive bei einem Gleitschirm Tandemflug. Starte vom Pizol oder Flumserberg und geniesse die Aussicht. Keine Vorkenntnisse nötig, Ausrüstung wird gestellt. Ideal für Gruppen bis 20 Personen.;Du möchtest gern wie ein Vogel durch die Lüfte schweben und das schöne Heidiland von oben sehen? Ein Gleitschirm Tandemflug macht&#039;s möglich. Ivo Grünenfelder mit seinem Team von Chicken Wings Paragliding freut sich seine langjährigen Erfahrungen mit dir zu teilen. Ausgezeichnete Piloten bereiten Dir ein Erlebnis der Extra-Klasse.
Geflogen wird hauptsächlich vom Pizol, Flumserberg-Maschgenkamm-Prodkamm und Walenstadtberg-Schrina. Am herrlichen Pizol, der im Winter wie Sommer ein beliebtes Skigebiet/Wander und Gleitschirm Fluggebiet ist, hat man die Möglichkeit gleich mehrere Startplätze auszuwählen. Je nach Wind wird dein Pilot mit dir die Gondelbahn in Bad Ragaz nehmen und bis zur Bergstation Laufböden fahren. Oder ihr entschließt euch für den Wangserberg wo man dann von der Pizolhütte einen atemberaubenden Blick ins Heidiland hat. Nach nur wenigen Schritten kannst du dir ein herzerwärmendes Bild deiner Wohn-oder Ferienregion von oben machen. 

Vorkenntnisse sind keine nötig. Und da wir sanft ins Tal gleiten und nicht vom Berg springen ist auch Höhenangst absolut kein Hindernis.
Im Winter benötigst du lediglich eine Skihose, eine warme Jacke und gute Schuhe. Die restliche Ausrüstung wird dir von Chicken Wings gestellt. Somit steht deinem Abenteuer nichts mehr im Wege. Wir können Gruppen bis 20 Personen empfangen.

Das Chicken Wings Team freut sich auf Dich!;9.441555312303231;47.027426893364144;Vilterserstrasse;7323;Wangs;+41 79 457 15 76;info@chickenwings.ch;http://www.chickenwings.ch;[{'@type': 'ImageObject', 'contentUrl': 'https://ostpimtsoch.sos-ch-dk-2.exoscale-cdn.com/catalog/9/0/7/f/907f60828acf5a7e1d935551ee53a423b46db2da_9a0e6552c1750216ba5ba04170bd2003.JPG'}];2025-08-01T02:53:11+02:00
854d103e-742e-4405-9e8b-da777d376a11;Lillybeizli - Kutschenfahrten;Entdecken Sie das Appenzellerland auf der Kutsche mit Ruedi Biser!;Als gelernter Hufschmied und Landwirt bietet Ruedi Biser interessante, beruhigende und abwechslungsreiche Ausfahrten mit seine Pferden an. Es stehen verschiedene Kutschen, passend zu jedem Anlass, zur Verfügung: 
Der Gesellschaftswagen eignet sich für bis zu 10 Personen für gemütliche Rundfahrten, Transport zu einem Restaurant oder zum gemeinsamen Grillieren.
Ebenso eignet sich diese Wagen perfekt für Ihren massgeschneiderten Anlass, wie Geburtstage, Junggesell(in)enabschiede, Hochzeiten oder einfach für Ihre Liebsten.

Mit der Hochzeitskutsche (Landauer) erleben Sie an Ihrem grossen Tag mit dem schön geschmückten Gespann und der feierlichen Kutsche einen besonderen und einzigartigen Tag - so wird Ihre Hochzeit unvergesslich!;9.273780539738482;47.28439829704859;Mösli 647;9107;Urnäsch;+41 79 782 19 46;biser.ruedi@gmx.ch;https://www.kutschenfahrten-urnaesch.ch/;[{'@type': 'ImageObject', 'contentUrl': 'https://ostpimtsoch.sos-ch-dk-2.exoscale-cdn.com/catalog/2/3/c/8/23c80d900f0f35c3f5bb6a19b2b122b5e3ea0320_87a89df8f9d07eb0a2ce3fa0d80c2863.jpg'}];2025-02-27T18:10:24+01:00
8aa52c3c-7087-4539-91f2-80c01e2a33a3;Appenzeller Schaukäserei - Chäshörnli selber kochen;In der Appenzeller Schaukäserei…;... kochen Sie gemeinsam am Käsekessi Ihre eigenen typisch appezöllischen Chäshörnli. Unter Anleitung eines Käsespezialisten werden Sie in das Leibgericht jedes Appenzellers eingeführt. Geniessen Sie diesen herzhaften Schmaus im urchigen Höckli.

Ihr Menü:
Grüner Salat mit Croutons an Haussauce
***
Chäshörnli mit Apfelmus und Zwiebeln
***
Schlorzifladen mit Rahm

In Kombination mit dem Pauschalangebot «Appenzeller Stolz» möglich;9.344712;47.373415;Dorf 711;9063;Stein;+41 71 368 50 70;info@schaukaeserei.ch;http://www.schaukaeserei.ch/;[{'@type': 'ImageObject', 'contentUrl': 'https://ostpimtsoch.sos-ch-dk-2.exoscale-cdn.com/catalog/e/9/1/2/e912023743cf25fcbc54e12a47aa11e798b8a140_c121d562d7bc26e7a8df824bf6c27853.jpg', 'caption': {'de': 'Appenzeller Schaukäserei - Chäshörnli selber kochen '}}];2025-04-22T18:12:51+02:00
8f612329-bbe7-4d90-8547-00017d89f8ad;Heididorf Maienfeld;Das Heididorf in Maienfeld ist der Originalschauplatz der weltbekannten Heidi-Geschichte. Besuchende können das Original Heidihaus, Heidis Alphütte und die Dorfschule von 1880 erkunden. Im Dorfladen gibt es Souvenirs und die kleinste Poststelle der Schweiz.;<p>Besuchen Sie das Heididorf in Maienfeld, den Originalschauplatz der weltbekannten Heidi-Geschichte.</p><p>Der friedliche Weiler beherbergt das Original Heidihaus, das Wohnhaus mit der Einrichtung wie zu Heidis Zeiten, Heidis Alph&uuml;tte, die Nachbildung vom liebevollen Zuhause von Alp&ouml;hi, die Ausstellung Johanna Spyris Heidiwelt sowie die Dorfschule von Heidi aus dem Jahr 1880. Im D&ouml;rfli warten bereits Heidis Tiere und im Dorfladen mit Souvenirs befindet sich die kleinste Poststelle der Schweiz mit dem Heididorf-Sonderstempel.</p><p>Im Heididorf lebt auch alles, zum Teil fast vergessenes Handwerk wieder auf. Heidi begeistert seit Jahrzehnten Kinder in aller Welt und l&auml;sst auch Erwachsenenherzen h&ouml;herschlagen. Trotz internationalen Auftritten in B&uuml;chern, Musicals, Zeichentrickserien und Filmen hat unser Heidi seine Wurzeln nicht vergessen. Denn nirgends auf der Welt ist Heidis Aura und Pers&ouml;nlichkeit sp&uuml;rbarer als im Heididorf - dem Original Spielort der weltber&uuml;hmten Heidi-Geschichte. Entdecken Sie die weltbekannte Geschichte &bdquo;Heidi&ldquo; von Johanna Spyri im authentischen Heididorf, inmitten einer imposanten Bergwelt.</p><p>Im Heididorf oberhalb von Maienfeld erleben Sie eine emotionale Zeitreise zur&uuml;ck in die Schweizer Bergwelt des sp&auml;ten 19. Jahrhundert und erfahren Sie wie Heidi lebte. Heidi - Ein Kind bewegt die Welt.</p>;9.5451067;47.0132367;Postfach;7304;Maienfeld;+41 81 330 19 12;heididorf@heididorf.ch;http://www.heididorf.ch;[{'@type': 'ImageObject', 'contentUrl': 'https://ostpimtsoch.sos-ch-dk-2.exoscale-cdn.com/catalog/4/4/e/e/44ee7944e8ee8df9e0aada50d7ccc7aa47a9c086_39c1bdf1fab045fd8214265aa02e144c.jpg'}];2026-03-30T21:25:04+02:00
9122220f-1630-4f1b-845b-37c3e2feb38a;RhySauna Schaffhausen;Die Wellnessoase mit Charme direkt am Rhein und zentral in Schaffhausen.;Während den kalten Wintermonaten ist das Sauna-Jurtendörfli der ideale Ort zum Entspannen und Wärme tanken. Im grössten noch erhaltenen Kastenbad der Schweiz haben Sie die Wahl zwischen einer Fass-Sauna mit wunderschöner Aussicht auf den Rhein und Schaffhausen, einer Arvensauna mit wohltuendem Duft und einer Jurtensauna mit heissen Aufgüssen. 

Nach dem Saunieren sorgt der Rhein für Abkühlung, und in der Ruhejurte mit grosser Fensterfront lässt sich die Hektik des Alltags schnell vergessen. In der Bistrojurte versorgen wir Sie mit erfrischenden Getränken und leckeren Speisen.

Das Jurtendörfli kann auch exklusiv gemietet werden.;[{'@type': 'ImageObject', 'contentUrl': 'https://ostpimtsoch.sos-ch-dk-2.exoscale-cdn.com/catalog/b/0/3/6/b036f9db5f5b6eb3df8971ffefea51398b87d1ab_caf1e471eeb7ec01dd484f061925bba0.jpg'}];2025-03-24T18:54:48+01:00
9393e549-6b2b-49b1-8e9e-35c111c6f865;Minigolf Krombach Herisau;Die 18 Pisten bieten bei schönem Wetter für Gross und Klein, Jung und Alt, ein attraktives und abwechslungsreiches Freizeitangebot in Herisau.;Die schöne und gepflegte Anlage lädt geradezu zum Verweilen ein. Das Spiel für Spass und Plausch kann für passionierte «Minigolfer» auch wettkampfmässig ausgetragen werden.
Im Clubhäuschen steht Ihnen während den Öffnungszeiten ein Kiosk mit diversen Getränken und Snacks zur Verfügung. An der schönen Grillstelle, mit Sitzgelegenheiten und Tischen, kann zum Abschluss einer Partie Minigolf mitgebrachtes Grillgut aufgelegt werden. Genügend Brennholz ist gratis vorhanden. 
Für Gruppen ab 10 Personen wird die Anlage auch ausserhalb der regulären Zeiten geöffnet. 

Bei feuchter Witterung bleibt die Anlage geschlossen. Letzte Schlägerausgabe bis 1 Stunde vor Schliessung. Bitte parkieren Sie auf dem zentralen gebührenpflichtigen Parkplatz.;9.260879158973696;47.386801002283;Krombach 3;9100;Herisau;+41 71 353 81 11;boesch-gasser.ce@bluewin.ch;https://www.minigolf-herisau.ch/;[{'@type': 'ImageObject', 'contentUrl': 'https://ostpimtsoch.sos-ch-dk-2.exoscale-cdn.com/catalog/2/9/e/6/29e63f1b19ecc0e6b8f273c3c38341884cdf84dc_82c91613aea2d86c2bc58d1e2e80b641.jpg'}];2025-02-27T18:10:24+01:00
94756081-b14e-40f0-b019-10b73a43b713;Kutschenfahrten;Fahrt auf der Kutsche durch das Appenzellerland;Auf einer Kutschenfahrt kann das Appenzellerland bei gemütlichem Tempo herrlich erkundet werden. Ein echtes Highlight sind die Fahrten in Urnäsch oder St. Anton.


Urnäsch:
Werner Frick, Berg 783, 9107 Urnäsch
+41 79 711 59 33

Urnäsch:
Lillybeizli / Alp Fischegg, Ruedi Biser, Urnäsch
+41 79 782 19 46
biser.ruedi@gmx.ch

St.Anton:
Kafi Anton, Werner Schirmer
+41 71 340 02 14
+41 78 739 70 10
v.w.schirmer@gmail.com

Ennetbühl:
Weissküferei & Drechslerei, Werner & Jolanda Stauffacher
+41 71 994 10 53
info@weisskueferei-stauffacher.ch


Dauer: 2-3 Stunden
Teilnehmer: 5-20 Personen
Kosten: auf Anfrage und je nach Strecke
Ort: im gesamten Appenzellerland;9.2677746;47.3147311;St. Gallerstrasse 49;9100;Herisau;+41 71 898 33 00;info@appenzellerland.ch;[{'@type': 'ImageObject', 'contentUrl': 'https://ostpimtsoch.sos-ch-dk-2.exoscale-cdn.com/catalog/4/f/c/9/4fc9e09ade4ce78364cebb062ce6e17439a7bda6_eb7cda2ab931e779cbc1438df3f40f20.jpg'}];2025-02-27T18:10:24+01:00
9955cbb5-4d55-4455-a10f-b1e9d611776f;A.Vogel Heilpflanzenwelt – Besichtigung;Auf dem idyllisch gelegenen Heilpflanzen-Schaugarten der A.Vogel Heilpflanzenwelt wachsen auf 1‘000 Meter über Meer rund 120 verschiedene Heilpflanzen, Küchenkräuter und Gemüsesorten - umgeben vom herrlichen Panorama des Alpsteins und eingebettet in die sanften grünen Hügel des Appenzellerlandes;<p>Nicht nur der Heilpflanzen-Schaugarten ist eine Augenweide, auch das A.Vogel Museum (Neuer&ouml;ffnung am 16. Juni 2024) und die A.Vogel Drogerie sind einen Besuch wert. Kommen Sie mit auf eine spannende F&uuml;hrung in die A.Vogel Heilpflanzenwelt und stellen Sie unter fachkundiger Anleitung Ihr eigenes Produkt zum Mitnehmen her.</p><p>Dauer: ca. 1.5 Stunden <br>Teilnehmer: bis 80 Personen <br>Kosten: bis 10 Personen CHF 140.00 pauschal, <br>&nbsp; &nbsp; &nbsp; &nbsp; &nbsp; &nbsp; &nbsp; &nbsp; ab 10 Personen CHF 14.00 pro Person, ink. Geschenk</p>;9.389339000000064;47.395765;Hätschen ;9053;Teufen;+41 71 335 66 11;team@gesundheitszentrum-avogel.ch;https://www.avogel.ch;[{'@type': 'ImageObject', 'contentUrl': 'https://ostpimtsoch.sos-ch-dk-2.exoscale-cdn.com/catalog/9/2/3/8/9238f50793040ceb7504457ce03593fbe10a9046_1789ac0eb7eb08398453f00dfdf44bef.jpg'}];2025-11-13T18:18:55+01:00
9a338e29-9ff6-44a0-a46d-1348ebbf505d;FoodTrail "Appenzellerland per E-Bike";Spass, Bewegung, Kultur und Kulinarik;<p>Erleben Sie das Appenzellerland auf zwei Rädern: ursprüngliche Natur, regionale Köstlichkeiten und herzliche Gastfreundschaft erwarten Sie auf dieser genussvollen E-Bike-Schnitzeljagd. Zwischen steilen Anstiegen und traumhaften Ausblicken entdecken Sie echte Appenzeller Tradition – «Sönd Willkomm»!</p><ul><li>5 Genuss-Stationen mit Essen oder Trinken</li><li>Gemeinsamer Rätselspass. Am Startpunkt erhältst du das erste Rätsel</li><li>Appenzeller Mittelland und interessante Orte erleben</li><li>Spannendes über Region und Geschichte erfahren</li></ul><p>Dauer: ca. 6-7 Stunden, reine Fahrzeit: 2.5 Stunden. Sie sind frei in der zeitlichen Gestaltung. Wegstrecke: ca. 29km, Höhenmeter auf / ab: 880m / 880m</p><p>Kosten: CHF 69.00 pro Erwachsene / E-Bike Miete für den ganzen Tag CHF 70.00</p><p>Saison: 1. Mai bis 31. Oktober</p><p>Startpunkt: Kinderdorf Pestalozzi, Trogen. Anreise: Individuelle Anreise ins Kinderdorf Pestalozzi Trogen, Parkplätze vorhanden</p><p>Weitere Informationen finden Sie unter: <a href="https://www.foodtrail.ch/appenzellerland-per-e-bike" rel="noopener noreferrer" target="_blank">foodtrail.ch</a></p><p>Möchten Sie das Appenzellerland lieber zu Fuss erkunden? Hier geht&#39;s zum <a href="https://appenzellerland.ch/de/erleben/erlebniskarte/detail/foodtrail-appenzellerland-zu-fuss-3a15b067-e781-4415-af3e-ea0e6db142a6.html" rel="noopener noreferrer" target="_blank">Foodtrail zu Fuss</a></p>;9.4600442;47.404134;Kinderdorfstrasse 20;9043;Trogen;+41 71 343 73 12;https://www.foodtrail.ch/appenzellerland-per-e-bike;[{'@type': 'ImageObject', 'contentUrl': 'https://ostpimtsoch.sos-ch-dk-2.exoscale-cdn.com/catalog/6/4/6/9/6469648deaa06cec8626391da2bba9afe6142201_8b57828e2ac1bcd7c688ae3897808532.jpg'}];2025-08-28T18:10:41+02:00
9be96916-483a-4e55-9a0b-93862787dd62;Eulenglück;Glück kann so nah sein - Eulen und deren Lebensraum kennenlernen

Wir sind Familie Claudia, Uwe und Justine Hagen und möchten Euch die Welt der Eulen zeigen mit den Waldohreulen Luna, Frodo und den Steinkäuzen Maja und Fienchen. ;<p>Wir bieten folgende Erlebnisse mit unseren Eulen an:<br><br><strong>Erlebnisspaziergang mit Eulen</strong><br>Wir gehen mit Ihnen durch die Landschaft und zeigen Ihnen den Lebensraum der Eulen. Alternativrouten f&uuml;r Personen mit Handicap sind m&ouml;glich.<br><br><strong>Relaxprogramm mit Eulen</strong><br>Ausspannen und den Alltag vergessen?<br>Lassen Sie sich von unseren Eulen dabei helfen.<br>Bei einem Getr&auml;nk und einer Eule auf der Hand einfach den Augenblick geniessen!<br><br><strong>Naturfotoshooting mit Eulen<br></strong>Brauchen Sie f&uuml;r Ihren Fotokurs ein besonderes Motiv?<br>M&ouml;chten Sie eine Eule in der Natur fotografieren?</p>;[{'@type': 'ImageObject', 'contentUrl': 'https://ostpimtsoch.sos-ch-dk-2.exoscale-cdn.com/catalog/7/7/f/2/77f23b701c5f225342bc3afbbc155967e4b53b45_ff40900b61bfda8a7d06a45d9d74a220.jpg'}];2026-01-28T20:36:23+01:00
9c5fbf1f-d077-4565-85cd-cc74e89b9faf;Gleitschirmfliegen am Flumserberg;Das Fluggebiet des Gleitschirmclubs Spitzmeilen am Flumserberg bietet Startplätze in Prodkamm und Schöhalden. Tages- und Jahreskarten sind erforderlich. Ein jährliches Flugfest zieht Flieger und Interessierte an.;Das Fluggebiet des Gleitschirmclubs Spitzmeilen (GCS) umfasst die Flumserberge und Schönhalden (Kleinberg) in Flums. Zu den Startplätzen gehören Prodkamm (NO–W), Maschgenkamm (W–NW und S–SO) sowie Schönhalden (NO).

Piloten und Pilotinnen, die Start- und oder Landeplätze des GCS benutzen, benötigen eine Jahres- oder Tagesvignette. Dies muss irgendwo sichtbar aufgeklebt werden. 
Die Tageskarte kostet CHF 8.00, die Jahreskarte CHF 30.00. 
Weitere Informationen unter: www.gc-spitzmeilen.ch/fluggebiet

Flugschulen und Siku-Veranstalter, die im Fluggebiet des GCS schulen möchten, sind willkommen. 
Alle Schülerinnen und Schüler müssen ebenfalls im Besitz einer gültigen Tages- oder Jahresvignette sein.

Jeden zweiten Sommer findet das mehrtägige Flugfest des GCS statt – ein Erlebnis für Gross und Klein, Piloten und Besucher. 
Weitere Informationen sowie aktuelle Meteodaten, Tarife, Gefahrenhinweise, Tipps und News findest du auf den Informationstafeln bei den Landeplätzen und auf der Webseite des GCS: www.gc-spitzmeilen.ch;9.341813;47.0907098;Neudorfstrasse 6;8890;Flums;+41 79 961 12 47;praesi@gc-spitzmeilen.ch;https://www.gc-spitzmeilen.ch;[{'@type': 'ImageObject', 'contentUrl': 'https://ostpimtsoch.sos-ch-dk-2.exoscale-cdn.com/catalog/9/c/3/d/9c3ddf60c1007fa5c2fff4c849cfa3d9541e732c_8c17c6de704c4e7790a2ff8418bcf919.JPG'}];2025-10-28T20:16:01+01:00
a7ce0582-c6cb-4d18-bd54-9f2e0438c0e9;Werner's Ponyhof und Rösslifahrten;Ein Erlebnis der Extraklasse;<p>Geniessen Sie eine Kutschenfahrt durchs Appenzellerland an die Sie sich gerne noch lange erinnern werden. Sei es eine romantische Kutschenfahrt oder einen Ausflug mit der Familie oder Freunden - die Kutschenfahrten sind auf Anfrage jederzeit möglich. Im Winter wird ein Schlitten für bis zu 6 Personen angeboten, im Sommer eine Gesellschaftskutsche für bis zu 10 Personen. Preis: bis 2 Stunden: CHF 300 / ab 2 Stunden: CHF 400</p><p></p><p><strong>Fonduefahrten</strong></p><p>Für ein ganz besonderes Erlebnis steht für Sie zwischen November und April die voll ausgestattete Fonduekutsche parat. Es erwartet Sie ein gemütlicher Plausch mit regionalem Käsefondue, Brot, Wein, Appenzeller, Mineralwasser und Knabberzeug. Sie dürfen das Fondue während der Fahrt selbst zubereiten.</p><p>Dauer: 2.5 - 3 Stunden / Fonduekutsche: bis 10 Personen</p><p>Preis: CHF 400 pauschal bis 5 Personen. Jede weitere Person CHF 80.</p><p>Bitte kleiden Sie sich dem Wetter entsprechend - in der Kutsche gibt es zusätzlich warme Wolldecken. </p>;9.261899;47.317659;Berg 783;9107;Urnäsch;+41 79 711 59 33;wernerfrick6@gmail.com;https://www.appenzeller-erlebnisbauernhof.ch/werners-ponyhof;[{'@type': 'ImageObject', 'contentUrl': 'https://ostpimtsoch.sos-ch-dk-2.exoscale-cdn.com/catalog/1/5/e/1/15e1c789ed84975eaaac127351aed18edf6dca58_991fcec88edae1091ba19b7ab33bcb2e.jpg'}];2025-10-28T15:30:30+01:00
ae7dac70-d70b-4187-b11c-63ce5dc842af;Auenland;Der aussergewöhnliche Veranstaltungsort im Appenzellerland!;Das Auenland bietet eine Plattform für echte Begegnungen, gemeinsame Erlebnisse und den direkten sozialen Austausch eingebettet in die Hügel des Appenzellerlands. Bei uns erleben Sie Raum und Zeit in privater Atmosphäre: 50er-Jahre Industriecharme triff auf Fauna und Flora, lichtdurchflutete Werkhallen mit Aus- und Weitblick erwarten Sie. Die Räume lassen sich miteinander verbinden und weit öffnen. Eine grosszügige, natürliche Aussenumgebung rundet das Angebot ab. Ideal für Seminare, Tagungen, Feierlichkeiten und Kulturveranstaltungen.;9.3560887;47.3599816;Sägehüsli 174;9063;Stein;+41 79 613 99 62;hallo@auen-land.ch;https://auen-land.ch;[{'@type': 'ImageObject', 'contentUrl': 'https://ostpimtsoch.sos-ch-dk-2.exoscale-cdn.com/catalog/b/f/b/7/bfb786bb8af9f1b5562c0a97e0c8b7c685fee4f3_226344038f00c7b757060cc4cbabea32.jpeg'}];2025-02-27T18:10:24+01:00
afa9e681-18f7-44f0-a1c6-5ece6facf2b8;Mountaincarts;Die Mountaincarts am Pizol bieten ein aufregendes Fahrerlebnis auf einer 2200 m langen Strecke zwischen Gaffia und Furt. Die Carts sind stabil und werden durch Schwerkraft angetrieben, was ein sicheres und individuelles Tempo ermöglicht.;Auf der rund 2200m langen Strecke zwischen den Stationen Gaffia und Furt kann die aufregende und kurvenreiche Naturstrasse befahren werden. Dank des tiefen Schwerpunkts und einem breiten Radstand, verfügen die Mountaincarts über eine hohe Stabilität. Ohne Motor und aus reiner Schwerkraft angetrieben, kann selbst bestimmt werden in welchem Tempo die Fahrt aufgenommen werden soll. Die Sicherheit steht jedoch auch bei uns stets an erster Stelle. Bitte beachten Sie hierzu stets unsere Verhaltensregeln sowie die Allgemeinen Geschäftsbedingungen.

Das alpine Fahrvergnügen auf der abwechslungsreichen Bergstrecke (Alpstrasse) ist garantiert und stellt ein besonderes, nicht alltägliches Erlebnis dar.;9.412794113159181;46.990965010245155;Pizolstrasse 5;7323;Wangs;+41 81 300 48 30;info@pizol.com;https://pizol.com/sommer-erleben/mountaincarts?lang=de_CH;[{'@type': 'ImageObject', 'contentUrl': 'https://ostpimtsoch.sos-ch-dk-2.exoscale-cdn.com/catalog/d/d/d/1/ddd15a27e47e3a90187ceeafe11f5aa27a271e69_28aea92e636f2ce8411ceaedb018119b.JPG'}];2025-08-01T02:53:11+02:00
b187ab79-25d8-4a46-9d1c-bc590d7150f8;Relax.Oase im Hotel Schloss Ragaz;Relax.oase im Schlosspark: 300 m² Wellness mit Sauna, Dampfbad, Whirlpool & Aussenpool – pure Entspannung inmitten der Natur.;&#60;p>Unsere gemütliche Relax.oase im Schlosspark ist der perfekte Ort, um Ruhe zu finden und zu entspannen. Umgeben von der Natur können Sie hier eine Auszeit vom Alltag geniessen. Entspannen Sie in der Sauna, im Dampfbad oder bei einer wohltuenden Massage. Wir freuen uns auf Ihren Besuch und bieten Ihnen eine erholsame Zeit. relax.oase mit 300m2 Finnische Blockhaussauna im Aussenbereich, Dampf- und Aromabäder, Softsauna, Erlebnisduschen, Einzelwhirlpool, Ruheraum und Aussenpool (Mai bis Oktober).&#60;/p>;9.510233402252199;46.99709963974352;Schloss-Strasse 1;7310;Bad Ragaz;+41 81 303 77 77;info@hotelschlossragaz.ch;https://www.hotelschlossragaz.ch/de/;[{'@type': 'ImageObject', 'contentUrl': 'https://ostpimtsoch.sos-ch-dk-2.exoscale-cdn.com/catalog/d/2/5/6/d2563d225369a105b7fa70e016beb54d87c377bd_986a526697e238d6534ea50172136c54.jpg'}];2025-09-15T20:25:49+02:00
beac9585-5bc1-43c5-9809-369dbfc7854e;Traditionelle Degustations-Tour;Kulinarik auf einer interaktiven Dorfführung in Heiden erleben;Lassen Sie sich auf einem Rundgang entführen in luftige Höhen (Kirchturm) und versteckte Winkel im Biedermeierdorf Heiden. Dabei lernen Sie nicht nur das Dorf kennen, sondern dürfen typische Appenzeller Spezialitäten schlemmen. Eine schmackhafte Angelegenheit für das ganze Gemüt.

Dauer: 2 Stunden
Teilnehmer: max. 25 Personen
Kosten: CHF 38.00 pro Person;9.536593079583328;47.446056806648365;Bahnhofplatz 1;9410;Heiden;+41 71 898 33 01;heiden@appenzellerland.ch;https://appenzellerland.ch/de/;[{'@type': 'ImageObject', 'contentUrl': 'https://ostpimtsoch.sos-ch-dk-2.exoscale-cdn.com/catalog/2/4/1/d/241ddd1c4050c190b8a1d356f0bab7d7bbdced15_6fc720bc35ef5a4e4e6c9786fe6a9f4a.jpg'}];2025-02-27T18:10:24+01:00
c3b9099e-9e5f-49b0-9dc9-9249a9e1b2a9;kneippen4you;Kneipp Garten mit aktivem Tun als Erlebnis der gesundheitsfördernden Anwendungen.;Der Kneipp Garten ist ruhig gelegen am Rande des Waldes. Gut zu verbinden mit einem Ausflug zu Fuss oder mit dem Bike von Schaffhausen oder vom Klettgau mit ev. Abstecher zum Beringer Randenturm. Bei uns können Sie nach Wunsch eine gratis Beratung über die gesundheitlichen Anwendungen erhalten oder können sich frei im Garten dem Wassertreten, Armbad oder Barfusspfad erfreuen. Erfahren Sie mehr über die vielen Kräuter die im Garten verteilt sind. Natürlich gibt es auch eine Erfrischung und dazu laden ein paar lauschige Nischen ein. Ein Erlebnis für alle Generationen.;[{'@type': 'ImageObject', 'contentUrl': 'https://ostpimtsoch.sos-ch-dk-2.exoscale-cdn.com/catalog/5/a/2/b/5a2b235f5414f0536be67bf62a53d6e5676c5118_5ae737e907adb815a31c463e6e7e0a34.jpg'}];2025-03-24T18:54:48+01:00
c48d77f1-ab25-46ac-b47b-ea849de6f818;Lama-Ziit GmbH;Spaziergänge, Halbtages- und Tagesausflüge mit Lamas;Wollen Sie sich vom Lama-Virus anstecken lassen? Spaziergänge mit Lamas sind ein besonderes Erlebnis für Jung und Alt. Um ein Lama zu führen, braucht es keine Vorkenntnisse. Mit wenigen zu beachtenden Regeln lassen sich die Tiere problemlos von Kindern und Erwachsenen am Führstrick leiten. Ihre ruhige Art hilft, selber ruhig zu werden; der aufmerksame Blick lenkt den eigenen Blick auf die Schönheiten und Details in der Umgebung. 

Die Tiere sind in einem gemächlichen Tempo unterwegs, was es auch Menschen mit leichter Gehbehinderung ermöglicht, sie zu führen. Lamas sind äusserst vorsichtig im Umgang mit Menschen und eignen sich daher ausgezeichnet für Natur- und Tiererlebnisse.

Lernen Sie diese wunderbaren Tiere auf einer Feierabendtour kennen. Buchen Sie unser Angebot für einen speziellen Familienausflug, Teamanlass oder Kindergeburtstag und verbringen Sie mehrere Stunden mit den Tieren. Zum Beispiel auf einem Trekking mit einer Pause am Feuer für gemütliches Beisammensein.

Die Teilnehmerzahl ist bei einer offenen Gruppe auf acht Personen beschränkt.
Bei einer geschlossenen Gruppe sind 20 Personen möglich. ;9.264172911643984;47.39049440343878;Hölzli 2786;9100;Herisau;+41 79 742 79 05;claudine@lama-ziit.ch;https://lama-ziit.ch/;[{'@type': 'ImageObject', 'contentUrl': 'https://ostpimtsoch.sos-ch-dk-2.exoscale-cdn.com/catalog/4/2/f/4/42f4d886c12902129d2dda8fa6289097d2e36ae1_dcfb743f0c487d1d7bde114c170718fa.jpg'}];2025-02-27T18:10:24+01:00
d004247b-d3c1-45a1-b846-d78b8aa29404;Baumzelt - Träumen in den Bäumen;Von Mitte Mai bis Mitte September Exklusives Baumzelt in der Badi!
Ein einzigartiges Schlaferlebnis auf 1.20m Höhe für die ganze Familie;Träumen in den Bäumen im exklusiven Baumzelt des KSS Sport- und Freizeitparks Schaffhausen

• Abends als letzter Badegast dem 33 Grad warmen Sprudelbad entsteigen oder frühmorgens exklusiv das reichhaltige Frühstück auf der Sonnenterrasse geniessen?
• Für CHF 195.00 (2 Erwachsene & 2 Kinder) inklusive Eintritte am An- und Abreisetag & reichhaltiges Frühstück (Maximal 2 Erwachsene & 2 Kinder bis 12 Jahre oder 3 Erwachsene)
• Garderoben, Toiletten & Duschen des Freibads stehen zur Verfügung

Reservation via: www.shop.kss.ch;[{'@type': 'ImageObject', 'contentUrl': 'https://ostpimtsoch.sos-ch-dk-2.exoscale-cdn.com/catalog/1/9/2/1/1921ec80dfa44f03fcbd528187ef9167d9b291b6_11d571e1e83641ac3c1642a097137cbe.jpg'}];2025-03-24T18:45:23+01:00
d806450f-4c70-4657-bb7e-c97d1122d7eb;ZebrastreifenEvents;Erlebnispädagogik am Bodensee - Das Angebot umfasst folgende Möglichkeiten: Bei einem abenteuerlichen Flossbau-Projekt gemeinsam Flösse bauen und anschliessend damit in See stechen, einen Abenteuertag im Wald verbringen oder einen Tag spannender Herausforderungen mit dem ganzen Team erleben.;<p>Erlebnispädagogik am Bodensee bei ZebrastreifenEvents: Die Teilnehmenden erleben einen abwechslungsreichen und spannenden Tag. Die Angebote sind vielfältig:<br><br>Flossbau: Am Ufer des Bodensees im Thurgau werden gemeinsam Flösse gebaut. Nach der strategischen und kreativen Bauphase geht es gemeisam aufs Wasser. Dabei bringt dieser Tag jede Menge Spass. <br><br>Walderlebnistag, Survival in der Wildnis: Die Teilnehmenden bauen einen Unterschlupf und lernen im Feuerworkshop verschiedene Feuertechniken kennen. Mittags kann an der Grillstelle grilliert werden.<br><br>Teamtag mal anders: Draussen in der Natur werden gemeinsam verschiedene Herausforderungen gemeistert. Individuelle Wünsche werden berücksichtigt. Der Veranstaltungsort kann abgesprochen werden.<br></p>;9.3799292;47.5644513;Berliner Strasse 16;78467;Konstanz;+49-17621499775;m.humpert@posteo.de;https://www.zebrastreifen.events;[{'@type': 'ImageObject', 'contentUrl': 'https://ostpimtsoch.sos-ch-dk-2.exoscale-cdn.com/catalog/1/5/4/9/15490cdc1260958346b7331a20dc8e9c47aedba3_f4637d2226825d303299925c9fcdd0f3.jpg'}];2026-04-01T22:45:52+02:00
e617d108-7121-4f50-a7d3-18cdbdd2c097;Appenzeller Heilbad;Traditionsreiche schwefelhaltige Heilquelle;Seit drei Jahrhunderten wird oberhalb von Heiden eine mineralhaltige Heilquelle für Entspannung, Genuss und Erholung genutzt. Daraus ist vor vierzig Jahren das Appenzeller Heilbad entstanden.

Mit seiner Bäder- und Saunalandschaft, dem Massage- und Wellnessangebot sowie der Physiotherapie bietet das Appenzeller Heilbad alles für Erholung, Entspannung und Gesundheit. Ausserdem gehört auch ein grosses, mit modernsten Geräten ausgestattetes Fitnesscenter dazu.;9.5160354;47.4308669;Unterrechstein 455;9035;Grub;+41 71 898 33 88;info@heilbad.ch;https://www.heilbad.ch/;[{'@type': 'ImageObject', 'contentUrl': 'https://ostpimtsoch.sos-ch-dk-2.exoscale-cdn.com/catalog/7/4/d/f/74df827894fd6529615a87e630b0e5e145fa5ad6_cb007b43bc1b8a6577557cbbc90c472b.jpg'}];2025-02-17T09:55:13+01:00
e69f8a28-c1b9-4f66-a1ac-3aa186b659d5;Hängebrücke Grub;180 Meter lang ist die neue Attraktion im Appenzeller Vorderland.;Seit April 2019 sind die zwei Dörfer Grub AR und Grub SG durch eine attraktive, 180 Meter lange Hängebrücke über den Mattenbach wieder miteinander verbunden. Ein sehr beliebter  Wanderweg  über  die  Kantonsgrenze  von  der Frauenrüti Grub AR zum Gebiet Grünau Grub SG ist somit wieder durchgehend erschlossen. 

Die Brücke ist nur für Schwindelfreie. Der höchste Punkt der Brücke findet sich rund 40 Meter über der Schlucht. 

Verbinden Sie die Besichtigung mit einer Wanderung!
Hier finden Sie Wandervorschläge: <a href="http://www.appenzellerland.ch/rundtourheiden/" target="_blank">Rundtour Heiden</a> oder <a href="https://www.appenzellerland.ch/rundwanderungheiden/" target="_blank">Rundwanderung Heiden</a> ;9.5187008;47.4505188;9035;Grub;[{'@type': 'ImageObject', 'contentUrl': 'https://ostpimtsoch.sos-ch-dk-2.exoscale-cdn.com/catalog/3/2/f/3/32f327b528e09a34e5eb02099272dc7a0f76078f_920cf9173392b61918c0ac8f0f2d74f8.jpg'}];2025-02-27T18:10:24+01:00
e979493b-9f3b-40fe-a984-b25bac698280;Kulturwerkstatt - Brauchtum, Zauren und Musik;Die Kulturwerkstatt bringt Interessierten aus nah und fern die Vielfalt der Kultur im Appenzellerland näher.;Im grosszügigen Werkstattgebäude von Werner Alder, Hackbrettbauer und Mitglied der bekannten Streichmusik Alder-Dynastie, werden unterhaltsame Vorträge und Führungen angeboten. Während diesen erhalten Sie Einblicke in die faszinierende Welt des Hackbrettbaus, ins hiesige Brauchtum und erleben die Klangwelt der einzigartigen Appenzeller Volksmusik. Neben der Musik können Sie auch das Jodeln und Talerschwingen hautnah erleben.
Abgerundet wird die Führung mit einem Werkstattrundgang. Tauchen Sie ein und erfahren Sie mit all Ihren Sinnen ein echtes Stück Brauchtumskultur!

Angebote Gruppenführungen:

- Vortrag Hackbrettbau
- Vortrag Hackbrettbau und Appenzeller Brauchtum (mit zusätzlichen Infos zum Brauchum, Musik und Talerschwingen)
- Kurs Jodeln und Talerschwingen
- kommentiertes Konzert 
   Appenzeller Musik 

Auf Wunsch verköstigt das Team der Kulturwerkstatt Sie gerne mit Spezialitäten aus der Region oder bietet einen Apéro an.

Dauer: 1 bis 1 1/2 Stunden
Teilnehmer: ab 10 Personen
Kosten: ab CHF 350.00;9.285102000000052;47.3877396;Kasernenstrasse 39A;9100;Herisau;+41 71 352 37 07;http://www.kulturwerkstatt-appenzellerland.ch;[{'@type': 'ImageObject', 'contentUrl': 'https://ostpimtsoch.sos-ch-dk-2.exoscale-cdn.com/catalog/6/6/1/d/661d3fdcc5b7f7025c82583e7e38283aefc7bdfc_998796a3ddbee8d943db8269e5ef3024.jpg'}];2025-02-27T18:10:24+01:00
eedf77d6-d3b8-4df8-bb7d-46a2d726b924;Stiftung Kinderdorf Pestalozzi;Entdecken Sie das Kinderdorf Pestalozzi und seine spannenden Spielträume.;Entdecken Sie das historische Kinderdorf Pestalozzi, wo sich Geschichte und Gegenwart auf faszinierende Weise begegnen. Starten Sie das Erlebnis mit einer interaktiven Ausstellung, die Sie zu den Ursprüngen der ZEWO-zertifizierten Stiftung zurückführt. Verfolgen Sie die Entwicklung des Kinderdorfs von seiner Gründungsidee nach dem Zweiten Weltkrieg bis zur renommierten NGO von heute. 

Die Erlebniswelt im Kinderdorf Pestalozzi bietet für Gross und Klein viel Platz für Kreativität, spielerisches Lernen und Erholung. Die Welt setzt sich zusammen aus 10 spannenden und zugleich lehrreichen Spielmöglichkeiten und Rückzugsorten, die als Gruppe erkundet werden können. Auch für Eltern und Begleitpersonen sorgen unsere Spielträume für Unterhaltung und interessante Erkenntnisse. Das Kinderdorf Wimmelbild führt Entdecker*innen durch das Erlebnisdorf und vermittelt spannende Fakten über Kinderrechte, während die Riesenkugelbahn, der Balancierpfad oder die Spinnerei (Kletternetz) die Geschicklichkeit testen. 

Falls Sie noch etwas Hunger oder Durst verspüren sollten, bietet die Cafeteria eine Auswahl an erfrischenden Getränken und Snacks.

Das Kinderdorf Pestalozzi liegt hoch über dem Bodensee, umgeben von den sanften Hügeln des Appenzellerlands. Es befindet sich nur 20 Minuten von St. Gallen entfernt – abseits jeglicher Hektik, in grüner Natur und bequem mit der Appenzeller Bahn erreichbar. 

<a href="https://dorf.pestalozzi.ch/ " target="_blank">Weitere Informationen und Preisdetails finden Sie hier.</a>
 ;9.46005;47.4033;Kinderdorfstrasse 20;9043;Trogen;+41 71 343 73 73;info@pestalozzi.ch;https://dorf.pestalozzi.ch/;[{'@type': 'ImageObject', 'contentUrl': 'https://ostpimtsoch.sos-ch-dk-2.exoscale-cdn.com/catalog/f/3/9/a/f39a5cacd1b226c4c41fb9e8be3032085d046f00_6c94664daf6fd1b8b1d83750899eefda.jpg'}];2025-02-27T18:10:24+01:00
f16a6a6a-fb2b-4d3f-b778-52934972a4aa;Appenzeller Brauchtumsmuseum - Museums-Detektiv;Eine spannender Rätselspass für Kinder und Erwachsene im Brauchtumsmuseum Urnäsch.;Beweisen Sie Ihr Können und lösen Sie knifflige Rätsel und Aufgaben über das Appenzeller Brauchtum. Am Schluss wartet die grosse Schatztruhe mit einer Überraschung für alle Rätselfreunde.

Der Rätselspass ist für Familien/Einzelpersonen gratis zuzüglich Museums-Eintritt.;9.282742;47.3172728;Dorfplatz 6;9107;Urnäsch;+41 71 364 23 22;info@museum-urnaesch.ch;https://www.museum-urnaesch.ch/angebote/museums-detektiv;[{'@type': 'ImageObject', 'contentUrl': 'https://ostpimtsoch.sos-ch-dk-2.exoscale-cdn.com/catalog/e/d/9/9/ed999745336747479f34df6bdfff1a95a5af0494_d8efb5077e8a073f6379f6dc7e14d33d.jpg'}];2025-02-27T18:10:24+01:00
f6cfb4ee-2481-4b45-96e0-569ebfc8771f;Fischen im Seebensee;Die Seebenalp bietet zwei einzigartige Bergseen auf 1650 m Höhe. Die Fischerkarte ist im Berghotel Seebenalp erhältlich. Hechte müssen eine Mindestlänge von 50 cm haben. Weitere Informationen direkt im Berghotel Seebenalp.;Zur Seebenalp gehören zwei Seen. Es sind die einzigen Bergseen in der Schweiz, die auf 1650 m Seehöhe liegen.

Die Fischerkarte ist im Berghotel Seebenalp erhältlich.
Die Hechte müssen eine Mindestlänge von 50 cm haben.

Weitere Informationen erhalten direkt Sie im Berghotel Seebenalp.;9.248347277089128;47.0804291;Seebenalp;8884;Oberterzen;+41 81 738 12 23;hotel.seebenalp@bluewin.ch;http://www.seebenalp.ch;[{'@type': 'ImageObject', 'contentUrl': 'https://ostpimtsoch.sos-ch-dk-2.exoscale-cdn.com/catalog/4/a/9/f/4a9f3fcb4a78b791a802ec97bded854f83aa1047_0da3a6b42dc227aa8e48226f82c5cb1c.jpg'}];2026-04-01T21:21:47+02:00
f92f1331-98da-4b26-a9f0-6febab1c7009;Kirchturm Heiden;Geniessen Sie die Weitsicht auf dem «Häädler» Kirchturm.  157 Treppenstufen gilt es bis ins Turmzimmer zu bewältigen.;Der erste Kirchenbau in Heiden erfolgte im Jahre 1652, nach der Ablösung von der Mutterkirche in Thal. Durch die Verdoppelung der Einwohnerzahl auf 2300 Seelen wurde 1836 der Ruf nach einer grösseren Kirche immer lauter. Am 8. Mai 1838 wurde mit dem Turmbau nordwestlich der alten Kirche begonnen.

Die Sicht vom Kirchturm in Heiden reicht über den Bodensee bis weit übers deutsche und österreichische Ufer hinaus. Bei ganz guter Sicht sieht man bis Ulm. 

Der Kirchturm Heiden ist von Mai - Oktober geöffnet.;9.534995751998174;47.4450565;Kirchplatz 3;9410;Heiden;+41 71 898 33 01;heiden@appenzellerland.ch;https://www.heiden.ch/sehenswertes/5591;[{'@type': 'ImageObject', 'contentUrl': 'https://ostpimtsoch.sos-ch-dk-2.exoscale-cdn.com/catalog/c/a/f/5/caf573f9514c7dd0df8bb13375e2b9a61ef4b92d_3d2c0e353d07f52b23d5f31e0c0174b9.jpg'}];2025-02-27T18:10:24+01:00
fec2c40f-2465-45a6-b10d-a173cee2f856;Gleitschirm Tandemflug Walensee - Flums - Pizol;Der Gleitschirm Tandemflug über Walensee, Flums und Pizol bietet ein einzigartiges Erlebnis. Ganzjährig fliegen sie vom Walenstadtberg und während der Betriebszeiten der Bergbahnen vom Maschgenkamm, Schöhalden und Pizol.;Der Gleitschirmflug in der Region Walensee, Pizol und Flums ist ein einzigartiges Erlebnis. Wähle dein Lieblingsort im Heidiland und schon kann es losgehen mit dem Gleitschirm Tandemflug. Wir fliegen das ganze Jahr über vom Walenstadtberg und während der Betriebszeiten der Bergbahnen vom Maschgenkamm, Schönhalden und Pizol. Der Paragliding Flug kann mit verschiedenen Flugzeiten gebucht werden - gerne beraten wir dich persönlich. Wir freuen uns auf dich!;9.308166503906252;47.12333753243728;Oberstrasse 31;9038;Rehetobel;+41 81 559 49 50;info@flightbase.ch;https://www.passagierflug.ch/gleitschirm-tandemflug/standorte/walensee-flumserberg;[{'@type': 'ImageObject', 'contentUrl': 'https://ostpimtsoch.sos-ch-dk-2.exoscale-cdn.com/catalog/d/a/1/4/da14af4b5b583bc01e51337090f85ee7340c66b5_db3c67882be7b786fa0ac52b2306a398.jpg'}];2026-02-24T21:48:47+01:00
ff310ad0-ae50-4da7-92fc-977b310ce2d2;Appenzeller Schaukäserei - Fondue-Kochkurs;Wollen Sie gemeinsam mit Freunden in gemütlicher Atmosphäre kreative Fondues von Grund auf gestalten und geniessen?;Dann haben Sie in der Appenzeller Schaukäserei die grosse und freie Wahl! Sie stellen sich Ihre eigene Fondue-Mischung an der Käsetheke zusammen, suchen die gewünschten Zutaten aus und kochen unter Begleitung einer unserer fachkundigen Gastgeberinnen Ihr selbst zusammengestelltes Fondue direkt am Tisch.

Buchbar ab 6 Personen
Wann: täglich, Voranmeldung notwendig
Dauer: rund 45 Minuten (ohne Esssenszeit)
Kosten: ab CHF 36.00;9.344712;47.373415;Dorf 711;9063;Stein;+41 71 368 50 70;info@schaukaeserei.ch;http://www.schaukaeserei.ch/;[{'@type': 'ImageObject', 'contentUrl': 'https://ostpimtsoch.sos-ch-dk-2.exoscale-cdn.com/catalog/d/d/2/0/dd20b83aed078540d4b6e01c2bb5f088d4012c31_9b2e04b06d811c3031322bca77d96c9f.jpg'}];2025-04-22T18:12:51+02:00
