id;name;disambiguatingDescription;description;longitude;latitude;streetAddress;postalCode;addressLocality;telephone;email;url;image;dateModified16a2f1ce-a28c-4605-8a1f-0945f9010e0a;Naturpfad Crapparundweg;Mit Edi & Tanja auf dem Crapparundweg – spannende Orte, Quizfragen und eine Überraschung am Ende. Ein lehrreicher Spaziergang für Gross und Klein.;<p>Der mittlerweile ber&uuml;hmte Edi Eichelh&auml;her und seine Freundin Tanja Tannenh&auml;herin empfangen dich auf dem Crapparundweg bei der Rastplatzh&uuml;tte oder vor der Senn&auml;stube. Sie kennen die Umgebung so gut wie ihr Federkleid und zeigen dir spannende Orte rund um den Crappawald. Beantwortest du unterwegs ihre Quizfragen richtig, bekommst du eine L&ouml;sungszahl. Am Schluss winkt eine &Uuml;berraschung. Viel Spass auf dem lehrreichen Spaziergang!</p>;[{'@type': 'ImageObject', 'contentUrl': 'https://ostpimtsoch.sos-ch-dk-2.exoscale-cdn.com/catalog/5/8/d/f/58df6527e960bea49d69cf87516c889f63a794d5_ce8f9a002d97b822e1a12d501c59213a.jpg'}];2025-10-28T20:22:33+01:00
250dc50f-2722-417e-a199-f7774069247c;Textilweg St.Gallen ;Die Zeit spüren als die Textilindustrie die Ostschweiz prägte;<p>Imposante Gebäude mit Namen wie «Haus Oceanic», «Haus Pacific» oder «Haus Washington» zeugen vom ehemaligen Reichtum und Wohlhaben der Stadt St.Gallen. In der Stickereibörse liefen die Fäden der erfolgreichen textilen Geschäftstätigkeit zusammen. Fabrikanten und Kaufleute, Sticker und Veredler trafen sich und tauschten Informationen über Marktlage und Modeströmungen, Aufträge oder auch Besitzrechte an Waren aus. Das Lagerhaus symbolisiert – zusammen mit dem Bahnhof und der Hauptpost – die Bedeutung St.Gallens als Wirtschaftsstandort und als Warenumschlagplatz. Die grosszügig dimensionierten Gebäude von Hauptpost und Bahnhof widerspiegeln zudem das beachtliche Exportvolumen und die rege Reisetätigkeit St.Gallens um 1900. Auch etwas ausserhalb der Altstadt stehen bedeutende Gebäude. Eines ist der&nbsp;<a href="https://troeckneturm.ch/de/home" target="_blank" rel="noopener" style="">Tröckneturm</a>&nbsp;im heutigen Lachenquatier mit Dokumentationsstelle zur Geschichte der Stadt St.Gallen und zur Geschichte der wichtigsten Zweige der St.Galler Textilindustrie. Und auch die ehemalige Färberei Sittertal bekräftigen die Wichtigkeit der Textilindustrie.</p><p>Bestaune die herausragenden Gebäude auf dem Textilweg, scanne Sie die gestickten QR-Codes und höre hier mehr über Geschichte, Architektur und die heutige Nutzung an. Die Erläuterungen zu den Gebäuden auf dem Textilweg sind auch in Englisch verfügbar. Der Textilweg lässt sich in der Stadt St.Gallen und/oder in St.Gallen West entdecken.&nbsp;</p>;[{'@type': 'ImageObject', 'contentUrl': 'https://ostpimtsoch.sos-ch-dk-2.exoscale-cdn.com/catalog/e/7/b/3/e7b338b391b01491af263d7f843eec101c09bd8c_b19b9a976a06bb3b2b71369db53ac9b0.jpg'}];2025-02-17T12:08:03+01:00
2e0f4a1f-7c6c-4636-818c-3d2b4fbc6322;Walensee Schifffahrt;Die Walensee Schifffahrt bietet Rundfahrten von Frühling bis Herbst an. Highlights sind das autofreie Weindörfchen Quinten und die Seerenbachfälle. Eventschiffe verbinden Genuss und Freizeit in einem besonderen Rahmen.;Erkunden Sie den Walensee während der Saison von Frühling bis Herbst auf einer Rundfahrt und lassen Sie den Alltag hinter sich. Beliebte Highlights sind ein Besuch des autofreien Weindörfchens Quinten oder ein Abstecher zu den Seerenbachfällen, die sich knapp 600 Meter in die Tiefe stürzen und zu den höchsten Wasserfällen Europas gehören. 

Die Eventschiffe sind die perfekte Wahl für alle, die Genuss und Freizeit in einem aussergewöhnlichen Rahmen verbinden möchten. Ob ein romantisches Abendessen oder eine stimmige Themenfahrt – das vielseitige Angebot sorgt dafür, dass keine Wünsche offenbleiben.

Für besondere Anlässe steht Ihnen die private Schiffsmiete zur Verfügung. Feiern Sie  Geburtstage, Familienfeste oder Hochzeiten in einem exklusiven Ambiente. Auch Unternehmen können die Walensee-Schiffe für Seminare, Business-Apéros oder Weihnachtsessen nutzen und so ihre Veranstaltung in bester Aussicht geniessen. 

Die Region ist verkehrstechnisch perfekt erschlossen. Der glasklare See ist eines der tiefsten Gewässer der Schweiz. Die imposanten Felswände der Churfirsten ragen beinahe senkrecht vom Ufer nach oben. Die Landschaft erinnert stark an einen norwegischen Fjord, besticht gleichzeitig aber auch mit einem milden, beinahe mediterranen, Klima. Der Walensee – das Paradies für Menschen von nah und fern.;9.253957020923561;47.11426285;Gostenstrasse 11;8882;Unterterzen;+41 81 720 34 34;info@walenseeschiff.ch;https://www.walenseeschiff.ch/;[{'@type': 'ImageObject', 'contentUrl': 'https://ostpimtsoch.sos-ch-dk-2.exoscale-cdn.com/catalog/9/f/7/b/9f7b66e8d39529b64610365fb0e42216b4744862_fd74b2b54f6da776414ddbb6a39c6510.jpg', 'caption': {'de': 'Walenseeschiff'}}];2026-05-06T21:41:45+02:00
2f5f5cb5-a1fc-45d1-b41d-99f194742d1d;Freestyle in Wildhaus – unsere Funparks;Actionhungrige Familien finden bei uns Funparks mit einfachen Hindernissen und kleinen Sprüngen, ideal für Anfänger und fortgeschrittene Freestyler. Das Angebot an Sprüngen und Rails wird im Laufe des Winters, nach Möglichkeit, kontinuierlich erweitert, sodass Adrenalin, Abwechslung und Spass garantiert sind!

Die Parks sind, sofern es die Schnee- und Wetterbedingungen zulassen, täglich in Betrieb und werden jeden Abend für euch präpariert. Der Schnee- und Pistenbericht informiert stets aktuell über die geöffneten Lines und die berühmte Klangslope!

Wir wünschen euch viel Spass beim Ausprobieren – send it!;9.3457831;47.1875871;Vordere Schwendistrasse 23;9658;Wildhaus;+41 71 998 50 50;info@wildhaus.ch;http://www.wildhaus.ch/;[{'@type': 'ImageObject', 'contentUrl': 'https://ostpimtsoch.sos-ch-dk-2.exoscale-cdn.com/catalog/6/f/9/4/6f942773f12533f6cb61c80aeff3a24ec17ae54d_2a98dd259cb244210f5f8f826e4f043b.jpg'}];2025-10-28T16:23:25+01:00
6e82fcae-1d81-424e-8f20-fca3df605443;Krimi-Trail Sargans: Mord in Sargans - der "Apothekerfall";Der Krimi-Trail Sargans bietet ein spannendes Outdoor-Erlebnis für Gruppen. Teilnehmende können in die Rolle von Ermittlerinnen und Ermittlern schlüpfen und einen mysteriösen Kriminalfall lösen. Der Trail ist ohne Voranmeldung zugänglich und kostet CHF 40 pro Gruppe.;<p>Wer teilnehmen will, kann sich den Krimi-Trail auf www.krimi-trails.ch kaufen. Der K&auml;ufer erh&auml;lt dann Haftbefehl-Code sowie die &laquo;Krimi-Akte&raquo; des Falls. Dabei handelt es sich um die Beschreibung des Kriminalfalls, des Auftrags sowie der in Frage kommenden Tatverd&auml;chtigen und die &Uuml;bersicht der am Tatort gefundenen Beweismittel. Anschliessend besuchen die Ermittler den Tatort und in einer selbst festzulegenden Reihenfolge die Wohn-, Arbeits- und Freizeitorte der verd&auml;chtigen Personen. Mittels Zusatzhinweisen, welche die Ermittler an diesen Orten erhalten, gelingt es den Ermittlern schliesslich, Verd&auml;chtige auszuschliessen resp. den T&auml;ter oder die T&auml;terin ausfindig zu machen und schliesslich mittels Erstellung eines Haftbefehls den T&auml;ter zu &uuml;berf&uuml;hren. Der Fall: Mord in Sargans &ndash; der Apothekerfall Andreas Kohler, wird Opfer einer Messerattacke. Er wird erstochen. Das Opfer tr&auml;gt einen Rucksack, in welchem auch sein mit Geld gef&uuml;lltes Portemonnaie steckt. Der T&auml;ter war offenbar nicht aufs Geld aus. Eine &Uuml;berwachungskamera zeigt, wie Andreas, bevor er ermordet wurde, mit einem Mann, ein Gesch&auml;ft abgeschlossen und etwas ausgetauscht hat &ndash; ein Drogengesch&auml;ft? Der Mann konnte identifiziert werden, er heisst Mirko Eggenschwiler. Im Rucksack des Ermordeten findet die Spurensicherung einen leeren Rezeptblock eines Arztes. Das letzte SMS, welches Andreas Kohler auf dem Handy erhielt, war ein r&auml;tselhafter Abholcode f&uuml;r ein Medikament. Outdoor-Gruppenerlebnis ohne Voranmeldung. Die Krimi-Trails sind ein Outdoor-Gruppenerlebnis f&uuml;r Paare, Schulen und Firmenausfl&uuml;ge. Eine Voranmeldung ist nicht m&ouml;glich. Die Krimi-Trails kostet CHF 40.00/Gruppe.</p>;9.441532902796338;47.0434164;Pizolstr. 15;7320;Sargans;+41 31 381 11 66;info@krimi-trails.ch;https://www.krimi-trails.ch/;[{'@type': 'ImageObject', 'contentUrl': 'https://ostpimtsoch.sos-ch-dk-2.exoscale-cdn.com/catalog/b/4/f/d/b4fdca175e36e620fac7a76b53100de4fa07aedb_8867df34a742fc9d65740ccb4bea28d9.jpg'}];2026-07-28T20:58:09+02:00
9139acaa-0f15-4482-b6ce-a30c96766ad4;Velosafari;Kurzferien mit dem Velocamper.;<div>Starten Sie Ihre nächste Veloreise und haben Sie Ihr Bett stets dabei. Mit dem Velocamper ist genau das der Fall. Denn im eigens dafür konstruierten Cargo E-Bike mit integriertem Zeltaufbau sind Sie bestens ausgerüstet für eine abenteuerliche Reise durch die Ostschweiz. Erleben Sie eine unvergessliche Velotour, vorbei an schier endlosen Rebhängen, malerischen Landschaften und schmucken Dörfern.</div><div><br></div><div>Dabei kann gewählt werden zwischen einer Tour im Schaffhauserland oder dem Thurgau.</div>

Die Velosafari ist zwischen Mai und September buchbar.;8.502173423760137;47.702187968441685;[{'@type': 'ImageObject', 'contentUrl': 'https://ostpimtsoch.sos-ch-dk-2.exoscale-cdn.com/catalog/2/5/5/6/255602ddcd27f148cb9cc08dfe9c2312280173a1_500560a9ea296f2db056a202ec0a9c2d.jpg'}];2025-03-31T18:55:31+02:00
a0d2c242-070e-4e2f-836b-4feb51c63968;Toggenburg-Guides;Geführte Outdoor-Erlebnisse mit einheimischen Guides;Willkommen bei unserer Gemeinschaft von Bergführern und Wanderleitern im Toggenburg.
Bei uns findest du Touren und Erlebnisse, die von erfahrenen Profis geplant und begleitet werden.
Gemeinsam entdecken wir die Schönheit der Berge - ob sanft oder anspruchsvoll.
Wir nehmen dich mit hinaus in die Natur: sicher, authentisch und genau so, wie es zu dir passt.;9.25304174423218;47.185727089944905;Hof-Starkenbach;9656 ;Alt St. Johann;info@toggenburg-guides.ch;https://www.toggenburg-guides.ch;[{'@type': 'ImageObject', 'contentUrl': 'https://ostpimtsoch.sos-ch-dk-2.exoscale-cdn.com/catalog/9/e/b/c/9ebc956eb250219dd4a0b693b74830736616427c_af60adb34b0536b222ff14a82dda72cc.png'}];2026-04-27T19:55:28+02:00
a36b97fc-03c9-406f-ae06-48628b8292f8;Naturpfad Chapfensee;Mit Edi dem Eichelhäher am Chapfensee – entdecken, verstehen und schützen. Der digitale Pfad zeigt Natur, Vielfalt und Herausforderungen.;<p>Die Region Chapfensee ist in vielerlei Hinsicht eine Perle, aber als Besuchermagnet hat sie auch mit verschiedenen Herausforderungen zu k&auml;mpfen. F&uuml;r die einen &uuml;bt sie eine besondere Anziehung aus, weil es hier noch kostbare Moore und seltene Waldgesellschaften gibt. F&uuml;r die anderen, weil man hier baden und grillieren kann. Andere freuen sich &uuml;ber die Energiegewinnung, die Geologie oder die faszinierende Vogelwelt.&nbsp; Als Maskottchen bringt Eichelh&auml;her Edi im Actionboundpfad den Besuchern die Themen rund um den Chapfensee unterhaltsam n&auml;her. Als Eichelh&auml;her kann er an vielen Orten angetroffen werden, ist gut erkennbar und als Rabenvogel hat er den Ruf, weise und zugleich etwas vorwitzig zu sein.</p><p>Den Chapfensee verstehen, geniessen und erhalten, lautet das Motto des digitalen Pfades.</p>;[{'@type': 'ImageObject', 'contentUrl': 'https://ostpimtsoch.sos-ch-dk-2.exoscale-cdn.com/catalog/6/e/2/6/6e26ec5a0715a6ca8b7267482f7affcb232283de_8febbf1c16fe48fbd14519ccb8410974.jpg'}];2026-06-24T20:55:42+02:00
a4d8e68c-beeb-4ba2-8f74-e85d50dbf501;Bireweg Egnach;Der «Bireweg» von Egnach nach Winden erzählt per digitalem Führer und mit vielen malerischen Ausblicken von der Geschichte Egnachs und den vielen feinen Früchtchen der Region.  ;Das beschauliche Dorf Egnach am Bodensee ist einer der Thurgauer Hotspots der Beeren- und Obstproduktion. Dem Örtchen, mit seinen vielen Weilern und den unzähligen hier wachsenden Früchten, sind vier Wanderwege gewidmet; die Egnacher Perlen. Einer davon ist der «Bireweg». Über knapp acht Kilometer führt er von der ehemaligen Mosterei Egnach durch grosse Obstanlagen und Hochstammgärten hinauf zum Bahnhof Winden. Der Bireweg ist mit digitalem Führer über die App «CubeTrail» entlang von zehn Wegposten begehbar. Geschichtliche Hintergründe zum Dorf und dem Obstbau sowie die touristisch wertvollsten Punkte werden erläutert. Ausblicke auf saftige Wiesen, idyllische Bauernhöfe, schmucke Riegelhäuser und den blau glitzernden Bodensees erfreuen das Wanderherz. 

Der Trail ist täglich und jederzeit zugänglich. Das App «CubeTrail» ist kostenlos im App Store von Apple und Android erhältlich. ;[{'@type': 'ImageObject', 'contentUrl': 'https://ostpimtsoch.sos-ch-dk-2.exoscale-cdn.com/catalog/9/0/3/1/903152020b6d37cb12eb8c3f4311c30a485d0378_8a74a3e664ecee056c9561c26fac8154.jpg'}];2025-02-17T13:28:20+01:00
b70f824c-9c8d-430a-a836-cb508e5a7d22;Kutschenfahrten Vogelsanger;Mit dem noblen Landauer fahren wir für Jubilare, Geburtstage und Hochzeiten. Darin sieht man die Gäste gut, ideal für schöne Fotos.
Für Familienausflüge oder Ausfahrten mit Freunden sind die Kutschen mit einem Tisch in der Mitte geeignet.;<p>Zum Beispiel eine Wagenfahrt über die Grenze?
Die Route verläuft vom Städtchen Neunkirch auf den Südranden durch den Naturpark, über die deutsche Grenze nach Jestetten.<br>Oder eine kleine Reise durch die Reben zum Fasshotel in Trasadingen?<br>Immer sehr beliebt ist die Hallauer Weinstrasse, mit herrlicher Sicht auf den Klettgau.<br>Viele weitere Routen finden Sie auf unserem Prospekt, gerne machen ihnen Vorschläge.<br>Sie geniessen bei uns vor der Abfahrt einen Apéro, während wir unser Schimmel einspannen. 
Wir fahren mit reinrassigen Kladruber Pferde, schönen Geschirren aus echtem Leder und original getreu nachgebauten Kuschen mit Scheibenbremsen.</p><p>Der Regionale Naturpark Schaffhausen umfasst den Klettgau mit seinen Weinbaugebieten, die Randenhochebene (ein Juraausläufer), den Reiat, sowie im südlichen Teil zwei deutsche Gemeinden mit der wunderbaren Stromlandschaft des Rheins.<br>Die Region Schaffhausen ist geprägt von landschaftlicher Schönheit und kultureller Vielfalt.</p>;8.50072503089905;47.703256731459625;Chilchgasse 3;8214;Gächlingen;+41526811914;info@kutschenfahrten-blauburgunderland.ch;http://www.kutschenfahrten-blauburgunderland.ch;[{'@type': 'ImageObject', 'contentUrl': 'https://ostpimtsoch.sos-ch-dk-2.exoscale-cdn.com/catalog/f/0/f/a/f0fae8628d4617d827e556dcb6af56c28facd335_ce3977175ae01883283f465f6d0351b0.jpg'}];2025-03-31T18:55:31+02:00
bbe801fe-5f7b-4517-b74b-99b0cf9aa51b;Bänkli-Fitness-Weg;Eine Kombination aus Kraft- und Gleichgewichtstraining ist besonders effektiv. Gezieltes Gleichgewichtstraining verbessert die Standstabilität und unterstützt eine kontrollierte Körperhaltung.;<div><p>Regelm&auml;ssiges Training beziehungsweise k&ouml;rperliche Aktivit&auml;t ist in jedem Alter wichtig. F&uuml;r &auml;ltere Menschen stellt es eine wesentliche Grundlage f&uuml;r ein selbstbestimmtes Leben dar. F&uuml;r Jugendliche und Breitensportler ist Bewegung ein fester Bestandteil sozialer Begegnungen, des Wohlbefindens und der Steigerung der Fitness. Die Lebensqualit&auml;t kann dadurch deutlich verbessert werden.</p><p>Eine Kombination aus Kraft- und Gleichgewichtstraining ist besonders effektiv. Gezieltes Gleichgewichtstraining verbessert die Standstabilit&auml;t und unterst&uuml;tzt eine kontrollierte K&ouml;rperhaltung. Auch die Maximalkraft der Haltemuskulatur wird durch Gleichgewichtstraining gest&auml;rkt. Im Alter kann dies zu einer Verringerung der Sturzgefahr f&uuml;hren.</p><p>Bewegung st&auml;rkt zudem das Immunsystem und f&ouml;rdert die Sauerstoffaufnahme. Das Herz-Kreislauf-System wird gest&auml;rkt, und sowohl die Regeneration als auch die psychische Verfassung profitieren davon. K&ouml;rperliche Aktivit&auml;t unterst&uuml;tzt das K&ouml;rper- und Selbstbewusstsein, verbessert den Schlafrhythmus und tr&auml;gt zum Stressabbau bei.</p><p>Nebst einem gezielten Training ist die Freude an der Bewegung wichtig &ndash; Training soll Spass machen. Und gemeinsames Training macht doppelt Freude.</p></div>;9.348828792572023;47.20351976581697;Mittelweg;9658;Wildhaus;+41795009161;christianasutter@me.com;[{'@type': 'ImageObject', 'contentUrl': 'https://ostpimtsoch.sos-ch-dk-2.exoscale-cdn.com/catalog/e/d/7/4/ed743acee259fbbc898001620d7386a097650f7e_0790d40182fc52f1831c3f661eec5df7.jpg'}];2026-02-17T19:46:06+01:00
c19ec0b5-1a92-4659-9e66-2db806703630;Weinwanderung Stein am Rhein;Entdecken Sie die wunderschöne Reblandschaft von Stein am Rhein auf unserer Weinwanderung. ;Ob Geniesser oder Abenteurer, unsere Weinwanderung findet für jeden eine Route. Der Weinrucksack enthält alles, was Sie für eine genussvolle Wanderung brauchen: eine Flasche lokalen Weisswein in einem praktischen Weinkühler, zwei Gläser und regionale Buchweizen-Tortillas als Snack. Wählen Sie zwischen zwei wunderschönen Wanderrouten durch die idyllischen Rebberge, die Ihnen atemberaubende Ausblicke auf den Rhein bieten. Entlang der Wege finden Sie zahlreiche Bänkli, die zum Verweilen, Entspannen und Geniessen des Weins einladen. Gönnen Sie sich dieses besondere Erlebnis und entdecken Sie die Schönheit von Stein am Rhein auf eine genussvolle Weise!;[{'@type': 'ImageObject', 'contentUrl': 'https://ostpimtsoch.sos-ch-dk-2.exoscale-cdn.com/catalog/6/b/8/c/6b8ca8fa7dba940d8d90afd8aa026be0cc4fc418_5ed28d38a84939c11652440a4b034113.jpg'}];2025-02-17T12:55:49+01:00
c8255124-6c7b-45e1-a1a7-c331786b1722;Schifffahrtsgesellschaft Züri-Rhy;Events auf dem Wasser  - Ihr besonderes Erlebnis auf unseren Schiffen;Events auf dem Schiff haben Ihren besonderen Reiz. Vor allem Rheinschifffahrten in der unberührten Natur bleiben für Gäste unvergesslich.
Ob von uns organisierte Eventfahrten, für Ihren privaten oder geschäftlichen Event oder Kursschifffahrt, ob Sommer oder Winter wir bringen Sie aufs Wasser.
Unsere Flotte bietet für jeden Anlass das richtige Schiff: vom Partyboot Flipper oder Neptun bis zu den grossen Event-Schiffen Rhystern, Rhenus und Hecht. Unser Team unterstützt Sie gerne bei der Planung Ihres Events und berät Sie kompetent.

Mit uns kommen Sie in Fahrt...;8.5554292;47.5517691;Rheinstrasse 10;8428;Teufen;+41 44 865 62 62;info@szr.ch;https://www.szr.ch/;[{'@type': 'ImageObject', 'contentUrl': 'https://ostpimtsoch.sos-ch-dk-2.exoscale-cdn.com/catalog/8/e/1/0/8e1052fdcce71907c6e8046552e959c7ee848f12_8e6c9a935259cedaa0d5397c18425fc1.JPG'}];2025-03-31T18:55:31+02:00
c9773a5a-5be9-4a54-acfc-303eaf84a68c;Schatzsuche Neunkirch;Löst ihr gerne Rätsel? Liebt ihr Bewegung und seid ihr offen für Historisches?;<p>Möchtet ihr Spass und ein tolles Gruppenerlebnis haben?
Dann seid ihr bei uns genau richtig! Wir haben eine spannende «Schatzsuche» zusammengestellt. Die ausgeklügelte Route führt euch durch und um unser mittelalterliches Städtchen zu den historischen Sehenswürdigkeiten. Anhand der schriftlichen Unterlagen und speziellen Hinweisen gilt es Stationen zu finden. Ganz am Schluss liegt dann der Schatz gut versteckt für euch bereit. Also Augen auf und los geht’s. Viel Vergnügen.</p><p>Wir empfehlen die Schatzsuche Neunkirch ab einem Alter von <b>mindestens 16 Jahren</b>. Darunter ist die Schatzsuche nur in Begleitung einer erwachsenen Person möglich. Es gibt einige knifflige Rätsel, jedoch auch Rätsel und Stationen für Kinder.</p><p>Die Schatzsuche ist von März bis Oktober buchbar.</p>;[{'@type': 'ImageObject', 'contentUrl': 'https://ostpimtsoch.sos-ch-dk-2.exoscale-cdn.com/catalog/5/e/c/2/5ec2eaa43e5334e358e171577546b88ab392ec78_be1c2bcbfdaf1654bbe3b7ccc6b2badd.jpg'}];2026-01-23T19:26:02+01:00
ea670dde-c959-4b06-8651-f98fcd62adf2;Mofun - min Töffli Tag;Mofun bietet einzigartige und unvergessliche Töffli Erlebnisse. Miete unsere 30 gelben Mofas und organisiere deinen Teamevent, Firmenausflug, Vereinsreise, Poltertag oder eine Ausfahrt mit der Familie und Freunden.;Hast auch du eine Töffli Geschichte aus der Jugend zu erzählen? Vielleicht eine Tour über den Gotthard ins Tessin oder sogar nach Italien? Wie wäre es, diese Erinnerung noch einmal aufleben zu lassen? Wir von Mofun helfen dir dabei und machen es möglich.
Starte zum Beispiel bei uns in Gächlingen im Kanton Schaffhausen und entdecke die wunderschönen Radwege durch die Reben des Blauburgunderlands oder die bekannte Bergrennstrecke auf den Oberhallauerberg. Ein Abstecher zum Rheinfall oder zu anderen Sehenswürdigkeiten runden die Töffli Tour ab. Auf Wunsch begleiten dich unsere Tour-Guides an die schönsten Orte der Region. 
Du möchtest lieber an einem anderen Ort starten oder die Tour beenden? Auch das ist kein Problem! Gerne transportieren wir die Mofas an den Start- und/oder Zielort deiner Wahl.;[{'@type': 'ImageObject', 'contentUrl': 'https://ostpimtsoch.sos-ch-dk-2.exoscale-cdn.com/catalog/5/6/5/a/565afe3d252b60842b6e4264346261ba07d4b7eb_bc6414ed9879d2dfcbe13c2f912be974.jpg'}];2025-02-17T12:51:25+01:00
ecb64c5d-3592-497a-8e71-b341b3387a25;Wiborada Audio Walk;Wiborada: Die einflussreichste Ratgeberin von St.Gallen ;<p class="MsoNormal">Wer war diese Frau?</p><p class="MsoNormal">Im Mittelalter, als die Kirche das Bistum und das Volk lenkte, wurde Wiborada zur wichtigsten Frau St.Gallens. Sie rettete die Manuskripte der Stiftsbibliothek in St.Gallen von den einfallenden Horden. Aus ihrer Klause heraus gewann sie grossen geistlichen und politischen Einfluss.</p><p class="MsoNormal">Erlebe ihre faszinierende Geschichte neu mit deinen Ohren!</p><p class="MsoNormal">Dauer: max. 120 Minuten</p><p class="MsoNormal">Sprache: Deutsch</p><p class="MsoNormal">Startort: Roter Platz St. Gallen (Raiffeisenplatz) beim Brunnen</p><p class="MsoNormal">Points of Interest:<br>&nbsp;&bull; Roter Platz von Pipilotti Rist<br>&nbsp;&bull; Treppenstadt (13&lsquo;000 Stufen!)<br>&nbsp;&bull; Panoramablick &uuml;ber die Stadt<br>&nbsp;&bull; St.Georgen Kirche, Wiborada Kapelle<br>&nbsp;&bull; wilde M&uuml;hlenenschlucht<br>&nbsp;&bull; Klosterplatz St. Gallen<br>&nbsp;&bull; St. Mangen Kirche (Klause)</p>;9.373177886009218;47.421971830032824;Raiffeisenplatz;9000;St.Gallen ;https://wiborada-audio-walk.ch/;[{'@type': 'ImageObject', 'contentUrl': 'https://ostpimtsoch.sos-ch-dk-2.exoscale-cdn.com/catalog/5/8/9/c/589c90e12d2a8fd7a9df118af0e4efd7ecbcaff5_9a57c03edfcc44aa77171a3ace83715e.jpg'}];2026-06-16T20:40:45+02:00
edc25514-b50f-4441-9f5c-acbc2083842d;PADL-Trail Arbon;Beim PADL-Trail Arbon werden Wassersport mit Rätselspass und Entdeckerfreude kombiniert – ein spannendes Erlebnis auf dem Bodensee und in der Altstadt von Arbon.;<p>Der PADL-Trail Arbon bietet eine einzigartige Kombination aus Wassersport, Rätsellösen und Entdeckerfreude. Die Route startet beim Strandbad Buchhorn und führt per SUP oder Kajak entlang des Seeufers in Richtung Altstadt. Unterwegs gilt es, knifflige Aufgaben zu meistern und versteckte Hinweise sowohl auf dem Wasser als auch in der historischen Altstadt von Arbon zu entdecken.</p><p>Der PADL-Trail ist ideal für alle, die gerne kombinieren, tüfteln und neue Perspektiven auf die Stadt und den Bodensee erleben möchten. Die Teilnahme ist ab 16 Jahren möglich, Kinder dürfen nur in Begleitung von Erwachsenen mitmachen.</p>;9.418973;47.5263399;Strandbad Buchhorn;9320;Arbon;+41 71 446 13 33;https://www.arbon.ch/freizeit/kultur-sport-und-spiel/baeder/strandbad.html/71;[{'@type': 'ImageObject', 'contentUrl': 'https://ostpimtsoch.sos-ch-dk-2.exoscale-cdn.com/catalog/f/a/a/f/faaf823d0b9f5eebe1945f4af1493c5697e36b61_97999aea168dda70fc8084f5a798a21f.jpg'}];2026-06-10T23:06:01+02:00
